"official_point","qualification","book_chapter","tour","former_key","former_action","decision","result_actions","result_keys","result_english_action_text","reason","syllabus_authority","coursebook","academic_approval","question_answer_evidence","runtime_allowed"
"1.1.1","AS","1","1","ECON-9708-1.1.1-BASE","Recognise resource scarcity against competing wants","RETAIN_SINGLE_PROVISIONAL","1","ECON-9708-1.1.1-BASE","Explain scarcity arising from limited resources and competing wants","One economic problem.","Cambridge Economics 9708 2026–2028 Version 2 §1.1.1","Economics 4th ed Chapter 1","PENDING","NONE_VERIFIED","false"
"1.1.2","AS","1","1","ECON-9708-1.1.2-BASE","Explain choices by people, businesses and governments","RETAIN_SINGLE_PROVISIONAL","1","ECON-9708-1.1.2-BASE","Explain why individuals, businesses and governments must choose between competing uses of scarce resources","One necessity-of-choice concept illustrated at three levels.","Cambridge Economics 9708 2026–2028 Version 2 §1.1.2","Economics 4th ed Chapter 1","PENDING","NONE_VERIFIED","false"
"1.1.3","AS","1","1","ECON-9708-1.1.3-BASE","Identify the next-best alternative sacrificed by a choice","RETAIN_SINGLE_PROVISIONAL","1","ECON-9708-1.1.3-BASE","Define opportunity cost as the next-best alternative forgone by a choice","One definition.","Cambridge Economics 9708 2026–2028 Version 2 §1.1.3","Economics 4th ed Chapter 1","PENDING","NONE_VERIFIED","false"
"1.2.1","AS","2","1","ECON-9708-1.2.1-BASE","Explain what makes economics a social science","RETAIN_SINGLE_PROVISIONAL","1","ECON-9708-1.2.1-BASE","Explain why economics is a social science","One meaning.","Cambridge Economics 9708 2026–2028 Version 2 §1.2.1","Economics 4th ed Chapter 2","PENDING","NONE_VERIFIED","false"
"1.2.2","AS","2","1","ECON-9708-1.2.2-BASE","Distinguish testable positive claims from normative value claims","RETAIN_SINGLE_PROVISIONAL","1","ECON-9708-1.2.2-BASE","Distinguish positive economic statements from normative value judgements","One paired methodology distinction.","Cambridge Economics 9708 2026–2028 Version 2 §1.2.2","Economics 4th ed Chapter 2","PENDING","NONE_VERIFIED","false"
"1.2.3","AS","2","1","ECON-9708-1.2.3-BASE","Use the other-things-equal assumption correctly","RETAIN_SINGLE_PROVISIONAL","1","ECON-9708-1.2.3-BASE","Explain the meaning and use of the ceteris paribus assumption","One methodology concept.","Cambridge Economics 9708 2026–2028 Version 2 §1.2.3","Economics 4th ed Chapter 2","PENDING","NONE_VERIFIED","false"
"1.2.4","AS","2","1","ECON-9708-1.2.4-BASE","Choose appropriate short-, long- and very-long-run frames","RETAIN_SINGLE_PROVISIONAL","1","ECON-9708-1.2.4-BASE","Explain why economic outcomes depend on short-run, long-run and very-long-run time horizons","Cambridge requires importance of time period, not selecting a particular forecast method.","Cambridge Economics 9708 2026–2028 Version 2 §1.2.4","Economics 4th ed Chapter 2","PENDING","NONE_VERIFIED","false"
"1.3.2","AS","3","1","ECON-9708-1.3.2-BASE","Compare skills-based human capital with physical capital","RETAIN_SINGLE_PROVISIONAL","1","ECON-9708-1.3.2-BASE","Distinguish human capital from physical capital","Paired definitional comparison, not two independent calculations.","Cambridge Economics 9708 2026–2028 Version 2 §1.3.2","Economics 4th ed Chapter 3","PENDING","NONE_VERIFIED","false"
"1.3.3","AS","3","1","ECON-9708-1.3.3-BASE","Associate each factor of production with its income reward","RETAIN_SINGLE_PROVISIONAL","1","ECON-9708-1.3.3-BASE","Identify the income reward associated with each factor of production","One factor-reward mapping.","Cambridge Economics 9708 2026–2028 Version 2 §1.3.3","Economics 4th ed Chapter 3","PENDING","NONE_VERIFIED","false"
"1.3.4","AS","3","1","ECON-9708-1.3.4-BASE","Explain benefits and limits of specialised production","RETAIN_SINGLE_PROVISIONAL","1","ECON-9708-1.3.4-BASE","Explain the division of labour and specialisation","One connected organisation-of-production concept.","Cambridge Economics 9708 2026–2028 Version 2 §1.3.4","Economics 4th ed Chapter 3","PENDING","NONE_VERIFIED","false"
"1.3.5","AS","3","1","ECON-9708-1.3.5-BASE","Explain entrepreneurial coordination and risk-taking","RETAIN_SINGLE_PROVISIONAL","1","ECON-9708-1.3.5-BASE","Explain enterprise through entrepreneurial risk-taking and organisation of other production factors","Cambridge includes two connected functions in one entrepreneur role.","Cambridge Economics 9708 2026–2028 Version 2 §1.3.5","Economics 4th ed Chapter 3","PENDING","NONE_VERIFIED","false"
"1.4.1","AS","4","1","ECON-9708-1.4.1-BASE","Compare who makes allocation decisions across economic systems","RETAIN_SINGLE_PROVISIONAL","1","ECON-9708-1.4.1-BASE","Compare decision-making in market, planned and mixed economies","One three-system comparison.","Cambridge Economics 9708 2026–2028 Version 2 §1.4.1","Economics 4th ed Chapter 4","PENDING","NONE_VERIFIED","false"
"1.5.1","AS","5","1","ECON-9708-1.5.1-BASE","Read and sketch a production possibility frontier","RETAIN_SINGLE_PROVISIONAL","1","ECON-9708-1.5.1-BASE","Explain the nature and meaning of a production possibility curve","Sketching may help teaching, but Cambridge explicitly names nature and meaning.","Cambridge Economics 9708 2026–2028 Version 2 §1.5.1","Economics 4th ed Chapter 5","PENDING","NONE_VERIFIED","false"
"1.5.3","AS","5","1","ECON-9708-1.5.3-BASE","Identify and reason about inward/outward PPC shifts","SPLIT_PROVISIONAL","2","ECON-9708-1.5.3-01;ECON-9708-1.5.3-02","Explain causes of shifts in a production possibility curve || Analyse consequences of shifts in a production possibility curve","Official point separately names causes and consequences.","Cambridge Economics 9708 2026–2028 Version 2 §1.5.3","Economics 4th ed Chapter 5","PENDING","NONE_VERIFIED","false"
"1.5.4","AS","5","1","ECON-9708-1.5.4-BASE","Interpret feasible, efficient and currently unattainable points on a PPC","RETAIN_SINGLE_PROVISIONAL","1","ECON-9708-1.5.4-BASE","Interpret the significance of a point inside, on or outside a production possibility curve","One integrated interpretation of positions on the same curve.","Cambridge Economics 9708 2026–2028 Version 2 §1.5.4","Economics 4th ed Chapter 5","PENDING","NONE_VERIFIED","false"
"1.6.1","AS","6","1","ECON-9708-1.6.1-BASE","Distinguish free goods from scarce privately consumed goods","RETAIN_SINGLE_PROVISIONAL","1","ECON-9708-1.6.1-BASE","Define and distinguish free goods from private economic goods","One paired classification; public goods are a separate point.","Cambridge Economics 9708 2026–2028 Version 2 §1.6.1","Economics 4th ed Chapter 6","PENDING","NONE_VERIFIED","false"
"1.6.2","AS","6","1","ECON-9708-1.6.2-BASE","Apply non-excludability/non-rivalry to identify public goods","RETAIN_SINGLE_PROVISIONAL","1","ECON-9708-1.6.2-BASE","Define public goods using non-excludability and non-rivalry","One type of good.","Cambridge Economics 9708 2026–2028 Version 2 §1.6.2","Economics 4th ed Chapter 6","PENDING","NONE_VERIFIED","false"
"1.6.3","AS","6","1","ECON-9708-1.6.3-BASE","Explain under-consumption of merit goods under imperfect information","RETAIN_SINGLE_PROVISIONAL","1","ECON-9708-1.6.3-BASE","Define merit goods and explain under-consumption due to imperfect information","One type of good and its stated market characteristic.","Cambridge Economics 9708 2026–2028 Version 2 §1.6.3","Economics 4th ed Chapter 6","PENDING","NONE_VERIFIED","false"
"1.6.4","AS","6","1","ECON-9708-1.6.4-BASE","Explain over-consumption of demerit goods under imperfect information","RETAIN_SINGLE_PROVISIONAL","1","ECON-9708-1.6.4-BASE","Define demerit goods and explain over-consumption due to imperfect information","One type of good and its stated market characteristic.","Cambridge Economics 9708 2026–2028 Version 2 §1.6.4","Economics 4th ed Chapter 6","PENDING","NONE_VERIFIED","false"
"2.1.1","AS","7","1","ECON-9708-2.1.1-BASE","Identify effective demand backed by ability and willingness to pay","RETAIN_SINGLE_PROVISIONAL","1","ECON-9708-2.1.1-BASE","Define effective demand as desire backed by willingness and ability to pay","One definition.","Cambridge Economics 9708 2026–2028 Version 2 §2.1.1","Economics 4th ed Chapter 7","PENDING","NONE_VERIFIED","false"
"2.1.2","AS","7","1","ECON-9708-2.1.2-BASE","Build individual and aggregate market demand/supply schedules","SPLIT_PROVISIONAL","2","ECON-9708-2.1.2-01;ECON-9708-2.1.2-02","Distinguish individual demand and supply from market demand and supply || Explain how individual schedules combine into market demand and supply","Official distinguishes individual and market, with aggregation as explanatory mechanism.","Cambridge Economics 9708 2026–2028 Version 2 §2.1.2","Economics 4th ed Chapter 7","PENDING","NONE_VERIFIED","false"
"2.1.3","AS","7","1","ECON-9708-2.1.3-BASE","Classify and apply demand determinants","RETAIN_SINGLE_PROVISIONAL","1","ECON-9708-2.1.3-BASE","Explain the determinants of demand","Single determinants class; shifts are covered in 2.1.5.","Cambridge Economics 9708 2026–2028 Version 2 §2.1.3","Economics 4th ed Chapter 7","PENDING","NONE_VERIFIED","false"
"2.1.4","AS","7","1","ECON-9708-2.1.4-BASE","Classify and apply supply determinants","RETAIN_SINGLE_PROVISIONAL","1","ECON-9708-2.1.4-BASE","Explain the determinants of supply","Single determinants class; shifts are covered in 2.1.6.","Cambridge Economics 9708 2026–2028 Version 2 §2.1.4","Economics 4th ed Chapter 7","PENDING","NONE_VERIFIED","false"
"2.1.5","AS","7","1","ECON-9708-2.1.5-BASE","Predict demand-curve shifts from non-price events","RETAIN_SINGLE_PROVISIONAL","1","ECON-9708-2.1.5-BASE","Explain causes of a shift in the demand curve","One causal class, distinction from movements already covered at 2.1.7.","Cambridge Economics 9708 2026–2028 Version 2 §2.1.5","Economics 4th ed Chapter 7","PENDING","NONE_VERIFIED","false"
"2.1.6","AS","7","1","ECON-9708-2.1.6-BASE","Predict supply-curve shifts from non-price events","RETAIN_SINGLE_PROVISIONAL","1","ECON-9708-2.1.6-BASE","Explain causes of a shift in the supply curve","One causal class.","Cambridge Economics 9708 2026–2028 Version 2 §2.1.6","Economics 4th ed Chapter 7","PENDING","NONE_VERIFIED","false"
"2.1.7","AS","7","1","ECON-9708-2.1.7-BASE","Separate movement along a curve from shifting the whole curve","RETAIN_SINGLE_PROVISIONAL","1","ECON-9708-2.1.7-BASE","Distinguish movements along demand or supply from shifts of those curves","One movement-versus-shift comparison.","Cambridge Economics 9708 2026–2028 Version 2 §2.1.7","Economics 4th ed Chapter 7","PENDING","NONE_VERIFIED","false"
"2.2.4","AS","8","1","ECON-9708-2.2.4-BASE","Classify perfectly elastic through perfectly inelastic cases","RETAIN_SINGLE_PROVISIONAL","1","ECON-9708-2.2.4-BASE","Interpret descriptions from perfectly elastic to perfectly inelastic demand","One elasticity-classification scale.","Cambridge Economics 9708 2026–2028 Version 2 §2.2.4","Economics 4th ed Chapter 8","PENDING","NONE_VERIFIED","false"
"2.2.5","AS","8","1","ECON-9708-2.2.5-BASE","Analyse how elasticity changes along a linear demand curve","RETAIN_SINGLE_PROVISIONAL","1","ECON-9708-2.2.5-BASE","Explain why price elasticity of demand varies along a straight-line demand curve","One geometry-and-percentage concept; calculus is not independently required.","Cambridge Economics 9708 2026–2028 Version 2 §2.2.5","Economics 4th ed Chapter 8","PENDING","NONE_VERIFIED","false"
"2.2.7","AS","8","1","ECON-9708-2.2.7-BASE","Explain how PED affects spending and firms' total revenue","RETAIN_SINGLE_PROVISIONAL","1","ECON-9708-2.2.7-BASE","Explain the relationship between price elasticity of demand and total expenditure on a product","Official speaks of total expenditure; revenue is an equivalent seller-side example.","Cambridge Economics 9708 2026–2028 Version 2 §2.2.7","Economics 4th ed Chapter 8","PENDING","NONE_VERIFIED","false"
"2.2.8","AS","8","1","ECON-9708-2.2.8-BASE","Select an economically sound decision using demand elasticities","SPLIT_PROVISIONAL","3","ECON-9708-2.2.8-01;ECON-9708-2.2.8-02;ECON-9708-2.2.8-03","Apply PED to an economic decision || Apply YED to an economic decision || Apply XED to an economic decision","Official names implications of all three separate demand elasticities.","Cambridge Economics 9708 2026–2028 Version 2 §2.2.8","Economics 4th ed Chapter 8","PENDING","NONE_VERIFIED","false"
"2.3.1","AS","9","1","ECON-9708-2.3.1-BASE","Define price elasticity of supply","RETAIN_SINGLE_PROVISIONAL","1","ECON-9708-2.3.1-BASE","Define price elasticity of supply","One definition.","Cambridge Economics 9708 2026–2028 Version 2 §2.3.1","Economics 4th ed Chapter 9","PENDING","NONE_VERIFIED","false"
"2.3.2","AS","9","1","ECON-9708-2.3.2-BASE","Calculate PES using percentage changes","RETAIN_SINGLE_PROVISIONAL","1","ECON-9708-2.3.2-BASE","Calculate price elasticity of supply using percentage changes in quantity supplied and price","One formula calculation.","Cambridge Economics 9708 2026–2028 Version 2 §2.3.2","Economics 4th ed Chapter 9","PENDING","NONE_VERIFIED","false"
"2.3.3","AS","9","1","ECON-9708-2.3.3-BASE","Interpret PES coefficient size and sign","RETAIN_SINGLE_PROVISIONAL","1","ECON-9708-2.3.3-BASE","Interpret the size, sign and relative percentage-change significance of PES","One coefficient interpretation.","Cambridge Economics 9708 2026–2028 Version 2 §2.3.3","Economics 4th ed Chapter 9","PENDING","NONE_VERIFIED","false"
"2.3.4","AS","9","1","ECON-9708-2.3.4-BASE","Explain why PES differs across products and time frames","RETAIN_SINGLE_PROVISIONAL","1","ECON-9708-2.3.4-BASE","Explain factors affecting price elasticity of supply","One causal determinants requirement.","Cambridge Economics 9708 2026–2028 Version 2 §2.3.4","Economics 4th ed Chapter 9","PENDING","NONE_VERIFIED","false"
"2.3.5","AS","9","1","ECON-9708-2.3.5-BASE","Assess firms' ability to respond quickly to changing prices","RETAIN_SINGLE_PROVISIONAL","1","ECON-9708-2.3.5-BASE","Explain implications of PES for how quickly and easily firms respond to market changes","One adjustment-speed idea.","Cambridge Economics 9708 2026–2028 Version 2 §2.3.5","Economics 4th ed Chapter 9","PENDING","NONE_VERIFIED","false"
"2.4.2","AS","10","1","ECON-9708-2.4.2-BASE","Predict new price/quantity after shifts in supply and demand","RETAIN_SINGLE_PROVISIONAL","1","ECON-9708-2.4.2-BASE","Analyse new equilibrium price and quantity after shifts in demand and supply","One comparative-statics market equilibrium method.","Cambridge Economics 9708 2026–2028 Version 2 §2.4.2","Economics 4th ed Chapter 10","PENDING","NONE_VERIFIED","false"
"2.5.1","AS","11","1","ECON-9708-2.5.1-BASE","Calculate/interpret consumer surplus on a demand-supply graph","RETAIN_SINGLE_PROVISIONAL","1","ECON-9708-2.5.1-BASE","Explain the meaning and significance of consumer surplus","Official meaning and significance; numerical area calculation is not separately prescribed.","Cambridge Economics 9708 2026–2028 Version 2 §2.5.1","Economics 4th ed Chapter 11","PENDING","NONE_VERIFIED","false"
"2.5.2","AS","11","1","ECON-9708-2.5.2-BASE","Calculate/interpret producer surplus on a demand-supply graph","RETAIN_SINGLE_PROVISIONAL","1","ECON-9708-2.5.2-BASE","Explain the meaning and significance of producer surplus","Official meaning and significance; numerical area calculation is not separately prescribed.","Cambridge Economics 9708 2026–2028 Version 2 §2.5.2","Economics 4th ed Chapter 11","PENDING","NONE_VERIFIED","false"
"2.5.3","AS","11","1","ECON-9708-2.5.3-BASE","Explain why consumer and producer surplus change","SPLIT_PROVISIONAL","2","ECON-9708-2.5.3-01;ECON-9708-2.5.3-02","Explain causes of changes in consumer surplus || Explain causes of changes in producer surplus","Two distinct areas/surplus recipients named.","Cambridge Economics 9708 2026–2028 Version 2 §2.5.3","Economics 4th ed Chapter 11","PENDING","NONE_VERIFIED","false"
"2.5.4","AS","11","1","ECON-9708-2.5.4-BASE","Reason how PED/PES affect the size of surplus changes","RETAIN_SINGLE_PROVISIONAL","1","ECON-9708-2.5.4-BASE","Explain how PED and PES affect the extent of changes in consumer and producer surplus","One linked effect on size of surplus changes.","Cambridge Economics 9708 2026–2028 Version 2 §2.5.4","Economics 4th ed Chapter 11","PENDING","NONE_VERIFIED","false"
"3.1.1","AS","12","2","ECON-9708-3.1.1-BASE","Identify why private markets may not supply public goods","RETAIN_SINGLE_PROVISIONAL","1","ECON-9708-3.1.1-BASE","Explain why government may intervene when private markets do not supply public goods","One intervention motivation.","Cambridge Economics 9708 2026–2028 Version 2 §3.1.1","Economics 4th ed Chapter 12","PENDING","NONE_VERIFIED","false"
"3.1.2","AS","12","2","ECON-9708-3.1.2-BASE","Explain intervention where merit goods are under-consumed or demerit goods over-consumed","RETAIN_SINGLE_PROVISIONAL","1","ECON-9708-3.1.2-BASE","Explain intervention for over-consumed demerit and under-consumed merit goods","One contrasting intervention rationale.","Cambridge Economics 9708 2026–2028 Version 2 §3.1.2","Economics 4th ed Chapter 12","PENDING","NONE_VERIFIED","false"
"3.1.3","AS","12","2","ECON-9708-3.1.3-BASE","Explain reasons for controlling a market price","RETAIN_SINGLE_PROVISIONAL","1","ECON-9708-3.1.3-BASE","Explain the rationale for controlling prices in markets","One intervention rationale.","Cambridge Economics 9708 2026–2028 Version 2 §3.1.3","Economics 4th ed Chapter 12","PENDING","NONE_VERIFIED","false"
"3.2.1","AS","13","2","ECON-9708-3.2.1-BASE","Analyse how indirect tax affects price, output and the tax burden","SPLIT_PROVISIONAL","2","ECON-9708-3.2.1-01;ECON-9708-3.2.1-02","Analyse the impact of a specific indirect tax on market price and output || Analyse who bears the burden of a specific indirect tax and why","Official names impact and incidence separately.","Cambridge Economics 9708 2026–2028 Version 2 §3.2.1","Economics 4th ed Chapter 13","PENDING","NONE_VERIFIED","false"
"3.2.5","AS","13","2","ECON-9708-3.2.5-BASE","Explain how buffer stocks stabilise prices","RETAIN_SINGLE_PROVISIONAL","1","ECON-9708-3.2.5-BASE","Explain how buffer-stock schemes operate in markets","One named intervention.","Cambridge Economics 9708 2026–2028 Version 2 §3.2.5","Economics 4th ed Chapter 13","PENDING","NONE_VERIFIED","false"
"3.2.6","AS","13","2","ECON-9708-3.2.6-BASE","Discuss provision of information as a corrective policy","RETAIN_SINGLE_PROVISIONAL","1","ECON-9708-3.2.6-BASE","Explain government provision of information as a method of market intervention","One named intervention.","Cambridge Economics 9708 2026–2028 Version 2 §3.2.6","Economics 4th ed Chapter 13","PENDING","NONE_VERIFIED","false"
"3.3.1","AS","14","2","ECON-9708-3.3.1-BASE","Distinguish an income flow from accumulated wealth","RETAIN_SINGLE_PROVISIONAL","1","ECON-9708-3.3.1-BASE","Distinguish income as a flow from wealth as a stock","One stock-flow distinction.","Cambridge Economics 9708 2026–2028 Version 2 §3.3.1","Economics 4th ed Chapter 14","PENDING","NONE_VERIFIED","false"
"3.3.2","AS","14","2","ECON-9708-3.3.2-BASE","Interpret Lorenz curves and Gini coefficients as inequality measures","RETAIN_SINGLE_PROVISIONAL","1","ECON-9708-3.3.2-BASE","Interpret income and wealth inequality through the Gini coefficient without calculating it","AS explicitly says Gini calculation not required.","Cambridge Economics 9708 2026–2028 Version 2 §3.3.2","Economics 4th ed Chapter 14","PENDING","NONE_VERIFIED","false"
"3.3.3","AS","14","2","ECON-9708-3.3.3-BASE","Explain underlying reasons for income/wealth inequality","RETAIN_SINGLE_PROVISIONAL","1","ECON-9708-3.3.3-BASE","Explain economic reasons for differences in income and wealth","One causes-of-inequality requirement.","Cambridge Economics 9708 2026–2028 Version 2 §3.3.3","Economics 4th ed Chapter 14","PENDING","NONE_VERIFIED","false"
"4.1.1","AS","15","2","ECON-9708-4.1.1-BASE","Identify national income as a flow measure of production/income","RETAIN_SINGLE_PROVISIONAL","1","ECON-9708-4.1.1-BASE","Define national income","One definition.","Cambridge Economics 9708 2026–2028 Version 2 §4.1.1","Economics 4th ed Chapter 15","PENDING","NONE_VERIFIED","false"
"4.1.3","AS","15","2","ECON-9708-4.1.3-BASE","Convert market-price national income data to basic prices","RETAIN_SINGLE_PROVISIONAL","1","ECON-9708-4.1.3-BASE","Convert national-income values at market prices to basic prices","One accounting conversion.","Cambridge Economics 9708 2026–2028 Version 2 §4.1.3","Economics 4th ed Chapter 15","PENDING","NONE_VERIFIED","false"
"4.1.4","AS","15","2","ECON-9708-4.1.4-BASE","Convert gross national accounting measures into net measures","RETAIN_SINGLE_PROVISIONAL","1","ECON-9708-4.1.4-BASE","Convert gross national income accounting measures to net measures","One accounting conversion.","Cambridge Economics 9708 2026–2028 Version 2 §4.1.4","Economics 4th ed Chapter 15","PENDING","NONE_VERIFIED","false"
"4.2.2","AS","16","2","ECON-9708-4.2.2-BASE","Identify leakages/injections without a multiplier calculation","RETAIN_SINGLE_PROVISIONAL","1","ECON-9708-4.2.2-BASE","Explain injections and leakages in circular income flows without a multiplier calculation","Multiplier expressly excluded at AS.","Cambridge Economics 9708 2026–2028 Version 2 §4.2.2","Economics 4th ed Chapter 16","PENDING","NONE_VERIFIED","false"
"4.2.3","AS","16","2","ECON-9708-4.2.3-BASE","Predict equilibrium/disequilibrium from income flows","RETAIN_SINGLE_PROVISIONAL","1","ECON-9708-4.2.3-BASE","Explain equilibrium and disequilibrium in the circular flow of income","Marginal and average propensities expressly excluded here at AS.","Cambridge Economics 9708 2026–2028 Version 2 §4.2.3","Economics 4th ed Chapter 16","PENDING","NONE_VERIFIED","false"
"4.3.1","AS","17","2","ECON-9708-4.3.1-BASE","Define aggregate demand","RETAIN_SINGLE_PROVISIONAL","1","ECON-9708-4.3.1-BASE","Define aggregate demand","One definition.","Cambridge Economics 9708 2026–2028 Version 2 §4.3.1","Economics 4th ed Chapter 17","PENDING","NONE_VERIFIED","false"
"4.3.2","AS","17","2","ECON-9708-4.3.2-BASE","Compose aggregate demand using C, I, G, X and M","RETAIN_SINGLE_PROVISIONAL","1","ECON-9708-4.3.2-BASE","Identify and explain the components of AD using C + I + G + (X − M)","One national-expenditure identity and interpretation.","Cambridge Economics 9708 2026–2028 Version 2 §4.3.2","Economics 4th ed Chapter 17","PENDING","NONE_VERIFIED","false"
"4.3.3","AS","17","2","ECON-9708-4.3.3-BASE","Reason how economic conditions affect aggregate demand","RETAIN_SINGLE_PROVISIONAL","1","ECON-9708-4.3.3-BASE","Explain determinants of aggregate demand without requiring detailed components","Cambridge explicitly excludes detailed component knowledge for this point.","Cambridge Economics 9708 2026–2028 Version 2 §4.3.3","Economics 4th ed Chapter 17","PENDING","NONE_VERIFIED","false"
"4.3.4","AS","17","2","ECON-9708-4.3.4-BASE","Interpret why an aggregate-demand curve slopes down","RETAIN_SINGLE_PROVISIONAL","1","ECON-9708-4.3.4-BASE","Explain the downward-sloping shape of the aggregate-demand curve","One curve-shape requirement.","Cambridge Economics 9708 2026–2028 Version 2 §4.3.4","Economics 4th ed Chapter 17","PENDING","NONE_VERIFIED","false"
"4.3.5","AS","17","2","ECON-9708-4.3.5-BASE","Model aggregate-demand shifts using appropriate diagrams","RETAIN_SINGLE_PROVISIONAL","1","ECON-9708-4.3.5-BASE","Explain causes of shifts in the aggregate-demand curve","One causal diagram class.","Cambridge Economics 9708 2026–2028 Version 2 §4.3.5","Economics 4th ed Chapter 17","PENDING","NONE_VERIFIED","false"
"4.3.6","AS","17","2","ECON-9708-4.3.6-BASE","Define aggregate supply in macroeconomic analysis","RETAIN_SINGLE_PROVISIONAL","1","ECON-9708-4.3.6-BASE","Define aggregate supply","One definition.","Cambridge Economics 9708 2026–2028 Version 2 §4.3.6","Economics 4th ed Chapter 17","PENDING","NONE_VERIFIED","false"
"4.3.7","AS","17","2","ECON-9708-4.3.7-BASE","Explain factors determining aggregate supply","RETAIN_SINGLE_PROVISIONAL","1","ECON-9708-4.3.7-BASE","Explain the determinants of aggregate supply","One determinants class.","Cambridge Economics 9708 2026–2028 Version 2 §4.3.7","Economics 4th ed Chapter 17","PENDING","NONE_VERIFIED","false"
"4.3.9","AS","17","2","ECON-9708-4.3.9-BASE","Explain shifts in short-run and long-run aggregate supply","SPLIT_PROVISIONAL","2","ECON-9708-4.3.9-01;ECON-9708-4.3.9-02","Explain causes of shifts in short-run aggregate supply (SRAS) || Explain causes of shifts in long-run aggregate supply (LRAS)","Cambridge names SRAS and LRAS separately.","Cambridge Economics 9708 2026–2028 Version 2 §4.3.9","Economics 4th ed Chapter 17","PENDING","NONE_VERIFIED","false"
"4.4.1","AS","18","2","ECON-9708-4.4.1-BASE","Define growth in real economic output","RETAIN_SINGLE_PROVISIONAL","1","ECON-9708-4.4.1-BASE","Define economic growth","One definition.","Cambridge Economics 9708 2026–2028 Version 2 §4.4.1","Economics 4th ed Chapter 18","PENDING","NONE_VERIFIED","false"
"4.4.2","AS","18","2","ECON-9708-4.4.2-BASE","Measure economic growth with suitable GDP comparisons","RETAIN_SINGLE_PROVISIONAL","1","ECON-9708-4.4.2-BASE","Explain how economic growth is measured","One measurement outcome.","Cambridge Economics 9708 2026–2028 Version 2 §4.4.2","Economics 4th ed Chapter 18","PENDING","NONE_VERIFIED","false"
"4.4.3","AS","18","2","ECON-9708-4.4.3-BASE","Distinguish real from nominal GDP growth","RETAIN_SINGLE_PROVISIONAL","1","ECON-9708-4.4.3-BASE","Distinguish nominal GDP growth from real GDP growth","One paired distinction.","Cambridge Economics 9708 2026–2028 Version 2 §4.4.3","Economics 4th ed Chapter 18","PENDING","NONE_VERIFIED","false"
"4.4.4","AS","18","2","ECON-9708-4.4.4-BASE","Explain causes of economic growth","RETAIN_SINGLE_PROVISIONAL","1","ECON-9708-4.4.4-BASE","Explain causes of economic growth","One causal requirement.","Cambridge Economics 9708 2026–2028 Version 2 §4.4.4","Economics 4th ed Chapter 18","PENDING","NONE_VERIFIED","false"
"4.5.1","AS","19","2","ECON-9708-4.5.1-BASE","Define unemployment and labour force","RETAIN_SINGLE_PROVISIONAL","1","ECON-9708-4.5.1-BASE","Define unemployment","Official item only requires unemployment meaning, not another labour-force calculation.","Cambridge Economics 9708 2026–2028 Version 2 §4.5.1","Economics 4th ed Chapter 19","PENDING","NONE_VERIFIED","false"
"4.5.3","AS","19","2","ECON-9708-4.5.3-BASE","Classify and explain frictional, structural, cyclical, seasonal and technological unemployment","SPLIT_PROVISIONAL","5","ECON-9708-4.5.3-01;ECON-9708-4.5.3-02;ECON-9708-4.5.3-03;ECON-9708-4.5.3-04;ECON-9708-4.5.3-05","Explain frictional unemployment and its causes || Explain structural unemployment and its causes || Explain cyclical unemployment and its causes || Explain seasonal unemployment and its causes || Explain technological unemployment and its causes","Cambridge explicitly lists five unemployment types and their causes.","Cambridge Economics 9708 2026–2028 Version 2 §4.5.3","Economics 4th ed Chapter 19","PENDING","NONE_VERIFIED","false"
"4.6.2","AS","20","2","ECON-9708-4.6.2-BASE","Use CPI data and explain challenges of measuring price change","SPLIT_PROVISIONAL","2","ECON-9708-4.6.2-01;ECON-9708-4.6.2-02","Explain how the consumer price index measures changes in the price level || Explain possible difficulties in measuring price-level changes","CPI measurement and its difficulties are separate listed parts.","Cambridge Economics 9708 2026–2028 Version 2 §4.6.2","Economics 4th ed Chapter 20","PENDING","NONE_VERIFIED","false"
"4.6.3","AS","20","2","ECON-9708-4.6.3-BASE","Distinguish inflation-adjusted real magnitudes from nominal data","RETAIN_SINGLE_PROVISIONAL","1","ECON-9708-4.6.3-BASE","Distinguish nominal money values from real inflation-adjusted data","One paired distinction.","Cambridge Economics 9708 2026–2028 Version 2 §4.6.3","Economics 4th ed Chapter 20","PENDING","NONE_VERIFIED","false"
"4.6.4","AS","20","2","ECON-9708-4.6.4-BASE","Compare demand-pull inflation with cost-push inflation","RETAIN_SINGLE_PROVISIONAL","1","ECON-9708-4.6.4-BASE","Explain and distinguish cost-push and demand-pull inflation","One complementary comparison of two inflation causes.","Cambridge Economics 9708 2026–2028 Version 2 §4.6.4","Economics 4th ed Chapter 20","PENDING","NONE_VERIFIED","false"
"5.2.1","AS","22","3","ECON-9708-5.2.1-BASE","Explain what a government budget records","RETAIN_SINGLE_PROVISIONAL","1","ECON-9708-5.2.1-BASE","Define the government budget","One definition.","Cambridge Economics 9708 2026–2028 Version 2 §5.2.1","Economics 4th ed Chapter 22","PENDING","NONE_VERIFIED","false"
"5.2.6","AS","22","3","ECON-9708-5.2.6-BASE","Distinguish fiscal expansion from fiscal contraction","RETAIN_SINGLE_PROVISIONAL","1","ECON-9708-5.2.6-BASE","Distinguish expansionary from contractionary fiscal policy","One paired policy distinction.","Cambridge Economics 9708 2026–2028 Version 2 §5.2.6","Economics 4th ed Chapter 22","PENDING","NONE_VERIFIED","false"
"5.3.4","AS","23","3","ECON-9708-5.3.4-BASE","Trace monetary measures through AD/AS to employment, output and prices","SPLIT_PROVISIONAL","2","ECON-9708-5.3.4-01;ECON-9708-5.3.4-02","Analyse expansionary monetary policy with AD/AS and output, price and employment effects || Analyse contractionary monetary policy with AD/AS and output, price and employment effects","Official requires both expansionary and contractionary policy AD/AS analysis.","Cambridge Economics 9708 2026–2028 Version 2 §5.3.4","Economics 4th ed Chapter 23","PENDING","NONE_VERIFIED","false"
"5.4.1","AS","24","3","ECON-9708-5.4.1-BASE","Explain how supply-side policies affect long-run aggregate supply","RETAIN_SINGLE_PROVISIONAL","1","ECON-9708-5.4.1-BASE","Explain the meaning of supply-side policy through its effect on LRAS","One definition based on model.","Cambridge Economics 9708 2026–2028 Version 2 §5.4.1","Economics 4th ed Chapter 24","PENDING","NONE_VERIFIED","false"
"5.4.2","AS","24","3","ECON-9708-5.4.2-BASE","Link productivity growth with the economy's productive capacity","RETAIN_SINGLE_PROVISIONAL","1","ECON-9708-5.4.2-BASE","Explain productivity and productive-capacity objectives of supply-side policy","One paired policy-objective description.","Cambridge Economics 9708 2026–2028 Version 2 §5.4.2","Economics 4th ed Chapter 24","PENDING","NONE_VERIFIED","false"
"5.4.4","AS","24","3","ECON-9708-5.4.4-BASE","Analyse supply-side impacts with AD/AS on real activity and prices","RETAIN_SINGLE_PROVISIONAL","1","ECON-9708-5.4.4-BASE","Analyse supply-side policy effects on equilibrium output, the price level and employment using AD/AS","One simultaneous AD/AS model, not a separate skill for each variable.","Cambridge Economics 9708 2026–2028 Version 2 §5.4.4","Economics 4th ed Chapter 24","PENDING","NONE_VERIFIED","false"
"6.1.1","AS","25","3","ECON-9708-6.1.1-BASE","Distinguish absolute advantage from comparative advantage","RETAIN_SINGLE_PROVISIONAL","1","ECON-9708-6.1.1-BASE","Distinguish absolute advantage from comparative advantage","One comparative definition.","Cambridge Economics 9708 2026–2028 Version 2 §6.1.1","Economics 4th ed Chapter 25","PENDING","NONE_VERIFIED","false"
"6.1.4","AS","25","3","ECON-9708-6.1.4-BASE","Critique simplifying assumptions of absolute/comparative advantage models","RETAIN_SINGLE_PROVISIONAL","1","ECON-9708-6.1.4-BASE","Explain limitations of the theories of absolute and comparative advantage","One integrated theoretical-limitations outcome.","Cambridge Economics 9708 2026–2028 Version 2 §6.1.4","Economics 4th ed Chapter 25","PENDING","NONE_VERIFIED","false"
"6.2.1","AS","26","3","ECON-9708-6.2.1-BASE","Define protectionism and identify its purpose","RETAIN_SINGLE_PROVISIONAL","1","ECON-9708-6.2.1-BASE","Define protectionism in international trade","Official meaning only; motives/policy choices elsewhere.","Cambridge Economics 9708 2026–2028 Version 2 §6.2.1","Economics 4th ed Chapter 26","PENDING","NONE_VERIFIED","false"
"6.3.1","AS","27","3","ECON-9708-6.3.1-BASE","Classify goods, services, primary and secondary income in the current account","SPLIT_PROVISIONAL","2","ECON-9708-6.3.1-01;ECON-9708-6.3.1-02","Identify and classify current-account components: goods, services, primary income, secondary income || Distinguish a balanced current account, a deficit and a surplus","Official lists current-account components and balance/imbalance definitions separately.","Cambridge Economics 9708 2026–2028 Version 2 §6.3.1","Economics 4th ed Chapter 27","PENDING","NONE_VERIFIED","false"
"6.4.1","AS","28","3","ECON-9708-6.4.1-BASE","Define exchange rates with correct currency units","RETAIN_SINGLE_PROVISIONAL","1","ECON-9708-6.4.1-BASE","Define an exchange rate and express a quotation with correct currency direction","One definition plus clarity on exchange rate units.","Cambridge Economics 9708 2026–2028 Version 2 §6.4.1","Economics 4th ed Chapter 28","PENDING","NONE_VERIFIED","false"
"6.4.2","AS","28","3","ECON-9708-6.4.2-BASE","Show floating exchange rate determined by currency supply and demand","RETAIN_SINGLE_PROVISIONAL","1","ECON-9708-6.4.2-BASE","Explain determination of a floating exchange rate by currency demand and supply","One currency-market equilibrium.","Cambridge Economics 9708 2026–2028 Version 2 §6.4.2","Economics 4th ed Chapter 28","PENDING","NONE_VERIFIED","false"
"6.4.4","AS","28","3","ECON-9708-6.4.4-BASE","Explain shifts in currency demand and supply","RETAIN_SINGLE_PROVISIONAL","1","ECON-9708-6.4.4-BASE","Explain causes of changes in a floating exchange rate through currency demand and supply","One causal currency-market analysis.","Cambridge Economics 9708 2026–2028 Version 2 §6.4.4","Economics 4th ed Chapter 28","PENDING","NONE_VERIFIED","false"
"6.4.5","AS","28","3","ECON-9708-6.4.5-BASE","Use AD/AS to explain effects of exchange changes on domestic macroeconomy","RETAIN_SINGLE_PROVISIONAL","1","ECON-9708-6.4.5-BASE","Analyse exchange-rate changes and effects on real output, price level and employment using AD/AS","One simultaneous macroeconomic model.","Cambridge Economics 9708 2026–2028 Version 2 §6.4.5","Economics 4th ed Chapter 28","PENDING","NONE_VERIFIED","false"
"6.5.1","AS","29","3","ECON-9708-6.5.1-BASE","Explain CA stability as a government external-sector objective","RETAIN_SINGLE_PROVISIONAL","1","ECON-9708-6.5.1-BASE","Explain stability of the current-account balance as a government policy objective","One policy goal.","Cambridge Economics 9708 2026–2028 Version 2 §6.5.1","Economics 4th ed Chapter 29","PENDING","NONE_VERIFIED","false"
"7.1.2","A_LEVEL_ADDITION","30","4","ECON-9708-7.1.2-BASE","Explain why marginal utility typically falls as consumption increases","RETAIN_SINGLE_PROVISIONAL","1","ECON-9708-7.1.2-BASE","Explain diminishing marginal utility","One principle.","Cambridge Economics 9708 2026–2028 Version 2 §7.1.2","Economics 4th ed Chapter 30","PENDING","NONE_VERIFIED","false"
"7.1.3","A_LEVEL_ADDITION","30","4","ECON-9708-7.1.3-BASE","Apply the equi-marginal allocation rule to purchases","RETAIN_SINGLE_PROVISIONAL","1","ECON-9708-7.1.3-BASE","Apply the equi-marginal principle to consumption decisions","One allocation principle.","Cambridge Economics 9708 2026–2028 Version 2 §7.1.3","Economics 4th ed Chapter 30","PENDING","NONE_VERIFIED","false"
"7.2.4","A_LEVEL_ADDITION","31","4","ECON-9708-7.2.4-BASE","Evaluate assumptions of indifference-curve analysis","RETAIN_SINGLE_PROVISIONAL","1","ECON-9708-7.2.4-BASE","Evaluate limitations of indifference-curve analysis","One limitations outcome.","Cambridge Economics 9708 2026–2028 Version 2 §7.2.4","Economics 4th ed Chapter 31","PENDING","NONE_VERIFIED","false"
"7.3.1","A_LEVEL_ADDITION","32","4","ECON-9708-7.3.1-BASE","Distinguish productive from allocative efficiency","RETAIN_SINGLE_PROVISIONAL","1","ECON-9708-7.3.1-BASE","Define and distinguish productive efficiency and allocative efficiency","One paired definition, conditions in separate 7.3.2.","Cambridge Economics 9708 2026–2028 Version 2 §7.3.1","Economics 4th ed Chapter 32","PENDING","NONE_VERIFIED","false"
"7.3.3","A_LEVEL_ADDITION","32","4","ECON-9708-7.3.3-BASE","Test whether a reallocation represents a Pareto improvement","RETAIN_SINGLE_PROVISIONAL","1","ECON-9708-7.3.3-BASE","Explain and recognise Pareto optimality","One concept, different from welfare improvement or government policy.","Cambridge Economics 9708 2026–2028 Version 2 §7.3.3","Economics 4th ed Chapter 32","PENDING","NONE_VERIFIED","false"
"7.3.5","A_LEVEL_ADDITION","32","4","ECON-9708-7.3.5-BASE","Identify outcomes characterised as market failure","RETAIN_SINGLE_PROVISIONAL","1","ECON-9708-7.3.5-BASE","Define market failure","Official only requires definition, not a stand-alone diagnostic taxonomy.","Cambridge Economics 9708 2026–2028 Version 2 §7.3.5","Economics 4th ed Chapter 32","PENDING","NONE_VERIFIED","false"
"7.4.5","A_LEVEL_ADDITION","33","4","ECON-9708-7.4.5-BASE","Calculate or illustrate welfare loss from market outcomes with externalities","SPLIT_PROVISIONAL","2","ECON-9708-7.4.5-01;ECON-9708-7.4.5-02","Explain deadweight welfare loss arising from positive externalities || Explain deadweight welfare loss arising from negative externalities","Both signs explicitly named as different welfare-loss cases, without inventing mandatory numerical calculation.","Cambridge Economics 9708 2026–2028 Version 2 §7.4.5","Economics 4th ed Chapter 33","PENDING","NONE_VERIFIED","false"
"7.5.5","A_LEVEL_ADDITION","34","4","ECON-9708-7.5.5-BASE","Explain why internal or external scale advantages reduce average costs","RETAIN_SINGLE_PROVISIONAL","1","ECON-9708-7.5.5-BASE","Explain the relationship between economies of scale and falling average costs","One causal relationship.","Cambridge Economics 9708 2026–2028 Version 2 §7.5.5","Economics 4th ed Chapter 34","PENDING","NONE_VERIFIED","false"
"7.7.1","A_LEVEL_ADDITION","36","4","ECON-9708-7.7.1-BASE","Explain why firms operating in the same industry differ in size","RETAIN_SINGLE_PROVISIONAL","1","ECON-9708-7.7.1-BASE","Explain reasons firms differ in size","One causal class.","Cambridge Economics 9708 2026–2028 Version 2 §7.7.1","Economics 4th ed Chapter 36","PENDING","NONE_VERIFIED","false"
"8.2.1","A_LEVEL_ADDITION","39","5","ECON-9708-8.2.1-BASE","Differentiate equal treatment/outcomes from equitable distribution","RETAIN_SINGLE_PROVISIONAL","1","ECON-9708-8.2.1-BASE","Distinguish equity from equality","Paired definition.","Cambridge Economics 9708 2026–2028 Version 2 §8.2.1","Economics 4th ed Chapter 39","PENDING","NONE_VERIFIED","false"
"8.2.3","A_LEVEL_ADDITION","39","5","ECON-9708-8.2.3-BASE","Distinguish absolute from relative poverty in a country-specific context","RETAIN_SINGLE_PROVISIONAL","1","ECON-9708-8.2.3-BASE","Distinguish absolute poverty from relative poverty","Paired definition.","Cambridge Economics 9708 2026–2028 Version 2 §8.2.3","Economics 4th ed Chapter 39","PENDING","NONE_VERIFIED","false"
"8.3.1","A_LEVEL_ADDITION","40","5","ECON-9708-8.3.1-BASE","Derive labour demand from demand for its final output","RETAIN_SINGLE_PROVISIONAL","1","ECON-9708-8.3.1-BASE","Explain why the demand for labour is derived from demand for output","One relationship.","Cambridge Economics 9708 2026–2028 Version 2 §8.3.1","Economics 4th ed Chapter 40","PENDING","NONE_VERIFIED","false"
"8.3.2","A_LEVEL_ADDITION","40","5","ECON-9708-8.3.2-BASE","Explain determinants of demand for labour in firms or occupations","RETAIN_SINGLE_PROVISIONAL","1","ECON-9708-8.3.2-BASE","Explain determinants of demand for labour by a firm or occupation","One determinants class.","Cambridge Economics 9708 2026–2028 Version 2 §8.3.2","Economics 4th ed Chapter 40","PENDING","NONE_VERIFIED","false"
"8.3.3","A_LEVEL_ADDITION","40","5","ECON-9708-8.3.3-BASE","Separate labour-demand curve shifts from movements along it","RETAIN_SINGLE_PROVISIONAL","1","ECON-9708-8.3.3-BASE","Distinguish labour-demand curve shifts from wage-driven movements along it","One paired diagram distinction.","Cambridge Economics 9708 2026–2028 Version 2 §8.3.3","Economics 4th ed Chapter 40","PENDING","NONE_VERIFIED","false"
"8.3.6","A_LEVEL_ADDITION","40","5","ECON-9708-8.3.6-BASE","Distinguish labour-supply shifts from wage-driven movements along the curve","RETAIN_SINGLE_PROVISIONAL","1","ECON-9708-8.3.6-BASE","Distinguish shifts in labour supply from movements along a labour-supply curve","One paired curve distinction.","Cambridge Economics 9708 2026–2028 Version 2 §8.3.6","Economics 4th ed Chapter 40","PENDING","NONE_VERIFIED","false"
"9.2.1","A_LEVEL_ADDITION","42","6","ECON-9708-9.2.1-BASE","Differentiate actual output growth from growth in productive capacity","RETAIN_SINGLE_PROVISIONAL","1","ECON-9708-9.2.1-BASE","Distinguish actual from potential growth in national output","One two-sided definition.","Cambridge Economics 9708 2026–2028 Version 2 §9.2.1","Economics 4th ed Chapter 42","PENDING","NONE_VERIFIED","false"
"9.4.6","A_LEVEL_ADDITION","44","6","ECON-9708-9.4.6-BASE","Evaluate disinflation strategies in light of the source of inflation","RETAIN_SINGLE_PROVISIONAL","1","ECON-9708-9.4.6-BASE","Evaluate policies to reduce inflation and their effectiveness","One policy-evaluation outcome.","Cambridge Economics 9708 2026–2028 Version 2 §9.4.6","Economics 4th ed Chapter 44","PENDING","NONE_VERIFIED","false"
"10.2.1","A_LEVEL_ADDITION","46","6","ECON-9708-10.2.1-BASE","Explain how a change in the internal value of money relates to its external currency value","RETAIN_SINGLE_PROVISIONAL","1","ECON-9708-10.2.1-BASE","Explain the relationship between the internal and external value of money","One economic relationship.","Cambridge Economics 9708 2026–2028 Version 2 §10.2.1","Economics 4th ed Chapter 46","PENDING","NONE_VERIFIED","false"
"11.1.3","A_LEVEL_ADDITION","48","7","ECON-9708-11.1.3-BASE","Differentiate expenditure switching from expenditure reduction using balance-of-payments scenarios","RETAIN_SINGLE_PROVISIONAL","1","ECON-9708-11.1.3-BASE","Distinguish expenditure-switching from expenditure-reducing policies","One paired policy distinction.","Cambridge Economics 9708 2026–2028 Version 2 §11.1.3","Economics 4th ed Chapter 48","PENDING","NONE_VERIFIED","false"
"11.2.3","A_LEVEL_ADDITION","49","7","ECON-9708-11.2.3-BASE","Distinguish an official revaluation from devaluation of a pegged currency","RETAIN_SINGLE_PROVISIONAL","1","ECON-9708-11.2.3-BASE","Distinguish revaluation from devaluation under a fixed exchange rate","One paired currency-policy distinction.","Cambridge Economics 9708 2026–2028 Version 2 §11.2.3","Economics 4th ed Chapter 49","PENDING","NONE_VERIFIED","false"
"11.3.2","A_LEVEL_ADDITION","50","7","ECON-9708-11.3.2-BASE","Categorise economies by national-income group, with measurement cautions","RETAIN_SINGLE_PROVISIONAL","1","ECON-9708-11.3.2-BASE","Classify economies by their level of national income","One classification; not the same as level of development (11.3.1).","Cambridge Economics 9708 2026–2028 Version 2 §11.3.2","Economics 4th ed Chapter 50","PENDING","NONE_VERIFIED","false"
