"official_point","qualification","tour","chapter","old_action","decision","new_skill_keys","new_actions","reason","authority","academic_review","exact_question_link","runtime"
"7.1.1","A_LEVEL_ADDITION","4","30","Compute and interpret total utility and marginal utility","SPLIT_CHILDREN","ECON-9708-7.1.1-01;ECON-9708-7.1.1-02","Define and calculate total utility from a consumption schedule || Define and calculate marginal utility from changes in total utility","SPLIT: Official point requires both definition and calculation of TU and MU; two separately assessable operations. Old parent Practice stem candidates NOT verified for individual child.","Cambridge Economics 9708 2026-2028 v2 §7.1.1","PENDING","NONE_VERIFIED","false"
"7.1.4","A_LEVEL_ADDITION","4","30","Derive the downward-sloping individual demand schedule from marginal utility","RETAIN_INTEGRATED","ECON-9708-7.1.4-BASE","Derive an individual's demand curve from marginal utility reasoning","RETAIN_SINGLE: Official point is one derived-demand outcome; a separate advanced calculus method is not compulsory. Scope is provisional, not academic signoff.","Cambridge Economics 9708 2026-2028 v2 §7.1.4","PENDING","NONE_VERIFIED","false"
"7.2.1","A_LEVEL_ADDITION","4","31","Read and interpret indifference maps and budget lines","SPLIT_CHILDREN","ECON-9708-7.2.1-01;ECON-9708-7.2.1-02","Define and interpret an indifference curve || Define and interpret a consumer budget line","SPLIT: Two distinct concepts explicitly named; definition/reading are together per concept. Old parent Practice stem candidates NOT verified for individual child.","Cambridge Economics 9708 2026-2028 v2 §7.2.1","PENDING","NONE_VERIFIED","false"
"7.2.2","A_LEVEL_ADDITION","4","31","Explain and draw changes in a budget line from income or price changes","RETAIN_INTEGRATED","ECON-9708-7.2.2-BASE","Explain how and why a consumer budget line changes when income or product prices change","RETAIN_SINGLE: Official requirement is causes of budget-line shifts; price pivots and income shifts are teaching cases in a single analysis. Scope is provisional, not academic signoff.","Cambridge Economics 9708 2026-2028 v2 §7.2.2","PENDING","NONE_VERIFIED","false"
"7.3.2","A_LEVEL_ADDITION","4","32","State and apply productive- and allocative-efficiency conditions","SPLIT_CHILDREN","ECON-9708-7.3.2-01;ECON-9708-7.3.2-02","State and apply the condition for productive efficiency || State and apply the condition for allocative efficiency","SPLIT: Two independently testable efficiency conditions explicitly listed. Old parent Practice stem candidates NOT verified for individual child.","Cambridge Economics 9708 2026-2028 v2 §7.3.2","PENDING","NONE_VERIFIED","false"
"7.3.4","A_LEVEL_ADDITION","4","32","Explain dynamic efficiency through investment and innovation","RETAIN_INTEGRATED","ECON-9708-7.3.4-BASE","Define dynamic efficiency","RETAIN_SINGLE: Official Cambridge wording says definition only; evaluation of R&D investment is illustrative and not mandatory as a separate item. Scope is provisional, not academic signoff.","Cambridge Economics 9708 2026-2028 v2 §7.3.4","PENDING","NONE_VERIFIED","false"
"7.4.7","A_LEVEL_ADDITION","4","33","Compare policy options through original cost-benefit reasoning, without requiring NPV","RETAIN_INTEGRATED","ECON-9708-7.4.7-BASE","Use costs and benefits to analyse an economic decision without net present value calculations","RETAIN_SINGLE: Cambridge requires applied cost-benefit reasoning and explicitly excludes NPV. Scope is provisional, not academic signoff.","Cambridge Economics 9708 2026-2028 v2 §7.4.7","PENDING","NONE_VERIFIED","false"
"7.5.3","A_LEVEL_ADDITION","4","34","Explain variable inputs and returns to scale in the long run","SPLIT_CHILDREN","ECON-9708-7.5.3-01;ECON-9708-7.5.3-02","Explain why all factors of production are variable in the long run || Explain increasing constant and decreasing returns to scale in a long-run production function","SPLIT: Official point separates absence of fixed factors and returns to scale. Old parent Practice stem candidates NOT verified for individual child.","Cambridge Economics 9708 2026-2028 v2 §7.5.3","PENDING","NONE_VERIFIED","false"
"7.5.4","A_LEVEL_ADDITION","4","34","Interpret long-run average cost and minimum efficient scale","SPLIT_CHILDREN","ECON-9708-7.5.4-01;ECON-9708-7.5.4-02","Explain the shape of a long-run average cost curve || Explain and identify minimum efficient scale","SPLIT: Official point has two bullet requirements: LRAC shape and MES concept. Old parent Practice stem candidates NOT verified for individual child.","Cambridge Economics 9708 2026-2028 v2 §7.5.4","PENDING","NONE_VERIFIED","false"
"7.7.5","A_LEVEL_ADDITION","4","36","Analyse the principal–agent tension between managers and owners","RETAIN_INTEGRATED","ECON-9708-7.7.5-BASE","Explain the principal-agent problem arising from different objectives of owners and managers","RETAIN_SINGLE: Official requirement is the principal-agent problem in this ownership/management setting. Scope is provisional, not academic signoff.","Cambridge Economics 9708 2026-2028 v2 §7.7.5","PENDING","NONE_VERIFIED","false"
"7.8.1","A_LEVEL_ADDITION","4","37","Use marginal cost and marginal revenue to identify profit-maximising output","RETAIN_INTEGRATED","ECON-9708-7.8.1-BASE","Explain the traditional profit-maximising objective of a firm using marginal decision-making","RETAIN_SINGLE: One profit-maximising objective; no extra independent TR or MR calculation required by this numbered point. Scope is provisional, not academic signoff.","Cambridge Economics 9708 2026-2028 v2 §7.8.1","PENDING","NONE_VERIFIED","false"
"8.2.2","A_LEVEL_ADDITION","5","39","Analyse trade-offs or complementarities between equity and efficiency","RETAIN_INTEGRATED","ECON-9708-8.2.2-BASE","Distinguish equity from efficiency","RETAIN_SINGLE: Official point requires the difference, not a separate evaluation of all equity-efficiency policy trade-offs. Scope is provisional, not academic signoff.","Cambridge Economics 9708 2026-2028 v2 §8.2.2","PENDING","NONE_VERIFIED","false"
"8.2.4","A_LEVEL_ADDITION","5","39","Explain the poverty trap and how incentives/restrictions sustain it","RETAIN_INTEGRATED","ECON-9708-8.2.4-BASE","Explain the poverty trap and its self-reinforcing mechanism","RETAIN_SINGLE: Official point is the poverty trap as one mechanism. Scope is provisional, not academic signoff.","Cambridge Economics 9708 2026-2028 v2 §8.2.4","PENDING","NONE_VERIFIED","false"
"8.3.5","A_LEVEL_ADDITION","5","40","Explain wage and non-wage influences on labour supply","SPLIT_CHILDREN","ECON-9708-8.3.5-01;ECON-9708-8.3.5-02","Explain how wage levels influence the supply of labour to a firm or occupation || Explain non-wage determinants of labour supply to a firm or occupation","SPLIT: Wage and non-wage factors separately identified in Cambridge 8.3.5. Old parent Practice stem candidates NOT verified for individual child.","Cambridge Economics 9708 2026-2028 v2 §8.3.5","PENDING","NONE_VERIFIED","false"
"8.3.9","A_LEVEL_ADDITION","5","40","Explain wage differentials through labour-demand and labour-supply determinants","RETAIN_INTEGRATED","ECON-9708-8.3.9-BASE","Explain how labour-market supply and demand determine wage differentials","RETAIN_SINGLE: One determination of wage differences by market forces. Scope is provisional, not academic signoff.","Cambridge Economics 9708 2026-2028 v2 §8.3.9","PENDING","NONE_VERIFIED","false"
"9.1.3","A_LEVEL_ADDITION","6","41","Identify inflationary and deflationary gaps relative to full-employment national output","RETAIN_INTEGRATED","ECON-9708-9.1.3-BASE","Distinguish inflationary and deflationary gaps relative to full-employment and equilibrium income","RETAIN_SINGLE: One integrated two-sided national-income-gap analysis; potential-output gap concepts remain in adjacent 9.2.2. Scope is provisional, not academic signoff.","Cambridge Economics 9708 2026-2028 v2 §9.1.3","PENDING","NONE_VERIFIED","false"
"9.2.2","A_LEVEL_ADDITION","6","42","Interpret positive and negative output gaps using potential-output estimates","RETAIN_INTEGRATED","ECON-9708-9.2.2-BASE","Distinguish positive and negative output gaps relative to potential output","RETAIN_SINGLE: Paired concepts are one coherent comparison; no additional mandated method of estimating potential output. Scope is provisional, not academic signoff.","Cambridge Economics 9708 2026-2028 v2 §9.2.2","PENDING","NONE_VERIFIED","false"
"9.3.5","A_LEVEL_ADDITION","6","43","Interpret employment and unemployment trends with comparable data","RETAIN_INTEGRATED","ECON-9708-9.3.5-BASE","Describe and interpret patterns and trends in employment and unemployment","RETAIN_SINGLE: Official wording is patterns and trends, not a new compulsory data calculation. Scope is provisional, not academic signoff.","Cambridge Economics 9708 2026-2028 v2 §9.3.5","PENDING","NONE_VERIFIED","false"
"9.3.7","A_LEVEL_ADDITION","6","43","Evaluate unemployment-reduction policies for different unemployment causes","RETAIN_INTEGRATED","ECON-9708-9.3.7-BASE","Evaluate unemployment-reduction policies and their effectiveness","RETAIN_SINGLE: Official requirement is an integrated policy evaluation, not a prescribed list of mandatory sub-policy examinations. Scope is provisional, not academic signoff.","Cambridge Economics 9708 2026-2028 v2 §9.3.7","PENDING","NONE_VERIFIED","false"
"10.2.2","A_LEVEL_ADDITION","6","46","Analyse two-way links between inflation and the balance of payments","RETAIN_INTEGRATED","ECON-9708-10.2.2-BASE","Explain the relationship between the balance of payments and inflation","RETAIN_SINGLE: Official point is a single two-way relationship; directional examples are pedagogical details. Scope is provisional, not academic signoff.","Cambridge Economics 9708 2026-2028 v2 §10.2.2","PENDING","NONE_VERIFIED","false"
"10.2.3","A_LEVEL_ADDITION","6","46","Explain conflict or complementarity between growth and inflation","RETAIN_INTEGRATED","ECON-9708-10.2.3-BASE","Explain the relationship between economic growth and inflation","RETAIN_SINGLE: Official point is one relationship, not necessarily two separate policy skills. Scope is provisional, not academic signoff.","Cambridge Economics 9708 2026-2028 v2 §10.2.3","PENDING","NONE_VERIFIED","false"
"10.2.4","A_LEVEL_ADDITION","6","46","Analyse how growth affects imports, exports and external balance","RETAIN_INTEGRATED","ECON-9708-10.2.4-BASE","Explain the relationship between growth and the balance of payments","RETAIN_SINGLE: Official point is one relationship; imports and exports are explanatory channels. Scope is provisional, not academic signoff.","Cambridge Economics 9708 2026-2028 v2 §10.2.4","PENDING","NONE_VERIFIED","false"
"11.2.2","A_LEVEL_ADDITION","7","49","Explain how fixed and managed exchange rates are maintained under supply-demand pressures","SPLIT_CHILDREN","ECON-9708-11.2.2-01;ECON-9708-11.2.2-02","Explain how a fixed exchange rate is determined and maintained || Explain how a managed exchange rate is determined and influenced by intervention","SPLIT: The official point names fixed and managed systems, with different degrees of policy control. Old parent Practice stem candidates NOT verified for individual child.","Cambridge Economics 9708 2026-2028 v2 §11.2.2","PENDING","NONE_VERIFIED","false"
"11.2.4","A_LEVEL_ADDITION","7","49","Analyse exchange-rate changes and adjustment across fixed, managed and floating regimes","RETAIN_INTEGRATED","ECON-9708-11.2.4-BASE","Compare how exchange rates change under different exchange-rate systems","RETAIN_SINGLE: Official requirement is the comparison of rate changes across systems, rather than new mandatory sub-system tiers. Scope is provisional, not academic signoff.","Cambridge Economics 9708 2026-2028 v2 §11.2.4","PENDING","NONE_VERIFIED","false"
"11.2.5","A_LEVEL_ADDITION","7","49","Apply Marshall–Lerner and J-curve logic to external adjustment after depreciation or devaluation","SPLIT_CHILDREN","ECON-9708-11.2.5-01;ECON-9708-11.2.5-02","Analyse consequences for the external economy of currency changes using the Marshall-Lerner condition || Analyse the time path of external adjustment after currency changes using J-curve reasoning","SPLIT: Marshall-Lerner and J-curve are independently examinable mechanisms explicitly named. Old parent Practice stem candidates NOT verified for individual child.","Cambridge Economics 9708 2026-2028 v2 §11.2.5","PENDING","NONE_VERIFIED","false"
"11.3.1","A_LEVEL_ADDITION","7","50","Classify economies according to stages and dimensions of development","RETAIN_INTEGRATED","ECON-9708-11.3.1-BASE","Classify economies by level of development","RETAIN_SINGLE: Official Cambridge point is development-level classification, not a separate mandatory multidimensional-stage theory. Scope is provisional, not academic signoff.","Cambridge Economics 9708 2026-2028 v2 §11.3.1","PENDING","NONE_VERIFIED","false"
"11.5.6","A_LEVEL_ADDITION","7","52","Explain IMF lending, conditionality and macroeconomic adjustment programmes","RETAIN_INTEGRATED","ECON-9708-11.5.6-BASE","Explain the role of the International Monetary Fund in economic development and international stability","RETAIN_SINGLE: Official numbered point only specifies the IMF's role; lending and conditionality are contextual details rather than separately compulsory outcomes. Scope is provisional, not academic signoff.","Cambridge Economics 9708 2026-2028 v2 §11.5.6","PENDING","NONE_VERIFIED","false"
"11.6.3","A_LEVEL_ADDITION","7","53","Explain and analyse trade creation versus trade diversion","SPLIT_CHILDREN","ECON-9708-11.6.3-01;ECON-9708-11.6.3-02","Explain trade creation in an integrated trading area || Explain trade diversion in an integrated trading area","SPLIT: These are two different integration outcomes explicitly identified in the syllabus. Old parent Practice stem candidates NOT verified for individual child.","Cambridge Economics 9708 2026-2028 v2 §11.6.3","PENDING","NONE_VERIFIED","false"
