"candidate_a","candidate_b","cambridge_point_a","cambridge_point_b","similarity_jaccard","similarity_containment","action_a","action_b","review_status","provisional_reason","candidate_tier_a","candidate_tier_b","precise_question_coverage","runtime_allowed"
"ECON-9708-6.4.2-BASE","ECON-9708-6.4.4-BASE","6.4.2","6.4.4","0.857","1.000","Explain determination of a floating exchange rate by currency demand and supply","Explain causes of changes in a floating exchange rate through currency demand and supply","SOURCE_SCOPE_KEEP_DISTINCT_PROVISIONAL","Market-clearing floating-rate level vs causes of currency supply/demand shifts","AS","AS","NONE_VERIFIED","false"
"ECON-9708-2.3.1-BASE","ECON-9708-2.3.4-BASE","2.3.1","2.3.4","0.750","1.000","Define price elasticity of supply","Explain factors affecting price elasticity of supply","SOURCE_SCOPE_KEEP_DISTINCT_PROVISIONAL","Definition of price elasticity of supply vs factors influencing coefficient","AS","AS","NONE_VERIFIED","false"
"ECON-9708-2.1.4-BASE","ECON-9708-4.3.7-BASE","2.1.4","4.3.7","0.667","1.000","Explain the determinants of supply","Explain the determinants of aggregate supply","SOURCE_SCOPE_KEEP_DISTINCT_PROVISIONAL","Individual market supply determinants vs macro aggregate supply determinants","AS","AS","NONE_VERIFIED","false"
"ECON-9708-4.3.6-BASE","ECON-9708-4.3.7-BASE","4.3.6","4.3.7","0.667","1.000","Define aggregate supply","Explain the determinants of aggregate supply","SOURCE_SCOPE_KEEP_DISTINCT_PROVISIONAL","Definition of aggregate supply vs determinants of aggregate supply","AS","AS","NONE_VERIFIED","false"
"ECON-9708-7.5.1-01","ECON-9708-7.5.2-01","7.5.1","7.5.2","0.667","0.800","Distinguish fixed and variable factors in short-run production","Calculate fixed and variable short-run costs","SOURCE_SCOPE_KEEP_DISTINCT_PROVISIONAL","Short-run productive fixed/variable factors vs short-run cost classification","A_LEVEL_ADDITION","A_LEVEL_ADDITION","NONE_VERIFIED","false"
"ECON-9708-1.6.3-BASE","ECON-9708-1.6.4-BASE","1.6.3","1.6.4","0.625","0.833","Define merit goods and explain under-consumption due to imperfect information","Define demerit goods and explain over-consumption due to imperfect information","SOURCE_SCOPE_KEEP_DISTINCT_PROVISIONAL","Merit goods with under-consumption vs demerit goods with over-consumption","AS","AS","NONE_VERIFIED","false"
"ECON-9708-2.2.1-02","ECON-9708-2.2.2-02","2.2.1","2.2.2","0.600","0.750","Define income elasticity of demand using income and quantity changes","Calculate income elasticity of demand from data","SOURCE_SCOPE_KEEP_DISTINCT_PROVISIONAL","Definition of elasticity vs numerically calculating elasticity","AS","AS","NONE_VERIFIED","false"
"ECON-9708-2.5.1-BASE","ECON-9708-2.5.2-BASE","2.5.1","2.5.2","0.600","0.750","Explain the meaning and significance of consumer surplus","Explain the meaning and significance of producer surplus","SOURCE_SCOPE_KEEP_DISTINCT_PROVISIONAL","Consumer surplus vs producer surplus; parallel but not identical concept","AS","AS","NONE_VERIFIED","false"
"ECON-9708-5.2.4-03","ECON-9708-9.1.1-05","5.2.4","9.1.1","0.600","0.750","Distinguish marginal from average tax rates","Calculate marginal and average rates of taxation","SOURCE_SCOPE_KEEP_DISTINCT_PROVISIONAL","AS tax rate meaning vs A Level marginal/average tax parameters in multiplier","AS","A_LEVEL_ADDITION","NONE_VERIFIED","false"
"ECON-9708-6.1.1-BASE","ECON-9708-6.1.4-BASE","6.1.1","6.1.4","0.600","1.000","Distinguish absolute advantage from comparative advantage","Explain limitations of the theories of absolute and comparative advantage","SOURCE_SCOPE_KEEP_DISTINCT_PROVISIONAL","Meaning of absolute/comparative advantage vs theory limitations","AS","AS","NONE_VERIFIED","false"
"ECON-9708-6.3.3-BASE","ECON-9708-6.3.4-01","6.3.3","6.3.4","0.600","1.000","Explain causes of current-account imbalances","Analyse domestic-economy consequences of current-account imbalances","SOURCE_SCOPE_KEEP_DISTINCT_PROVISIONAL","Causes of current account imbalances vs separate domestic/external consequences","AS","AS","NONE_VERIFIED","false"
"ECON-9708-6.3.3-BASE","ECON-9708-6.3.4-02","6.3.3","6.3.4","0.600","1.000","Explain causes of current-account imbalances","Analyse external-economy consequences of current-account imbalances","SOURCE_SCOPE_KEEP_DISTINCT_PROVISIONAL","Causes of current account imbalances vs separate domestic/external consequences","AS","AS","NONE_VERIFIED","false"
"ECON-9708-9.2.4-BASE","ECON-9708-9.2.5-03","9.2.4","9.2.5","0.600","0.750","Evaluate the effectiveness of policies to promote economic growth","Evaluate policies to promote inclusive growth","SOURCE_SCOPE_KEEP_DISTINCT_PROVISIONAL","Policies for general growth vs policies for specifically inclusive growth","A_LEVEL_ADDITION","A_LEVEL_ADDITION","NONE_VERIFIED","false"
"ECON-9708-10.2.2-BASE","ECON-9708-10.2.4-BASE","10.2.2","10.2.4","0.600","0.750","Explain the relationship between the balance of payments and inflation","Explain the relationship between growth and the balance of payments","SOURCE_SCOPE_KEEP_DISTINCT_PROVISIONAL","BOP-inflation relationship vs growth-BOP relationship","A_LEVEL_ADDITION","A_LEVEL_ADDITION","NONE_VERIFIED","false"
"ECON-9708-2.2.1-03","ECON-9708-2.2.2-03","2.2.1","2.2.2","0.571","0.800","Define cross elasticity of demand for two related goods","Calculate cross elasticity of demand from two products","SOURCE_SCOPE_KEEP_DISTINCT_PROVISIONAL","Definition of elasticity vs numerically calculating elasticity","AS","AS","NONE_VERIFIED","false"
"ECON-9708-4.3.11-BASE","ECON-9708-4.3.12-01","4.3.11","4.3.12","0.571","0.800","Determine the equilibrium level of real output and price level in AD/AS and explain employment implications","Analyse the effects of a shift in AD on real output the price level and employment","SOURCE_SCOPE_KEEP_DISTINCT_PROVISIONAL","AD/AS equilibrium determination vs comparative statics from shifted curves","AS","AS","NONE_VERIFIED","false"
"ECON-9708-4.3.11-BASE","ECON-9708-4.3.12-02","4.3.11","4.3.12","0.571","0.800","Determine the equilibrium level of real output and price level in AD/AS and explain employment implications","Analyse the effects of a shift in AS on real output the price level and employment","SOURCE_SCOPE_KEEP_DISTINCT_PROVISIONAL","AD/AS equilibrium determination vs comparative statics from shifted curves","AS","AS","NONE_VERIFIED","false"
"ECON-9708-4.3.12-01","ECON-9708-6.4.5-BASE","4.3.12","6.4.5","0.571","0.800","Analyse the effects of a shift in AD on real output the price level and employment","Analyse exchange-rate changes and effects on real output, price level and employment using AD/AS","SOURCE_SCOPE_KEEP_DISTINCT_PROVISIONAL","Generic aggregate shifts vs application to currency-induced external shocks","AS","AS","NONE_VERIFIED","false"
"ECON-9708-4.3.12-02","ECON-9708-6.4.5-BASE","4.3.12","6.4.5","0.571","0.800","Analyse the effects of a shift in AS on real output the price level and employment","Analyse exchange-rate changes and effects on real output, price level and employment using AD/AS","SOURCE_SCOPE_KEEP_DISTINCT_PROVISIONAL","Generic aggregate shifts vs application to currency-induced external shocks","AS","AS","NONE_VERIFIED","false"
"ECON-9708-4.3.11-BASE","ECON-9708-5.4.4-BASE","4.3.11","5.4.4","0.556","0.833","Determine the equilibrium level of real output and price level in AD/AS and explain employment implications","Analyse supply-side policy effects on equilibrium output, the price level and employment using AD/AS","SOURCE_SCOPE_KEEP_DISTINCT_PROVISIONAL","General macro equilibrium vs specific supply-side-policy effect","AS","AS","NONE_VERIFIED","false"
"ECON-9708-8.3.3-BASE","ECON-9708-8.3.6-BASE","8.3.3","8.3.6","0.556","0.833","Distinguish labour-demand curve shifts from wage-driven movements along it","Distinguish shifts in labour supply from movements along a labour-supply curve","SOURCE_SCOPE_KEEP_DISTINCT_PROVISIONAL","Labour demand curve shifts vs labour supply curve shifts","A_LEVEL_ADDITION","A_LEVEL_ADDITION","NONE_VERIFIED","false"
"ECON-9708-1.5.1-BASE","ECON-9708-1.5.3-01","1.5.1","1.5.3","0.500","0.750","Explain the nature and meaning of a production possibility curve","Explain causes of shifts in a production possibility curve","SOURCE_SCOPE_KEEP_DISTINCT_PROVISIONAL","PPC meaning vs causes and effects of its shifts","AS","AS","NONE_VERIFIED","false"
"ECON-9708-2.2.1-02","ECON-9708-2.2.6-02","2.2.1","2.2.6","0.500","0.750","Define income elasticity of demand using income and quantity changes","Assess determinants of income elasticity of demand","SOURCE_SCOPE_KEEP_DISTINCT_PROVISIONAL","Definition of demand elasticity vs determinants","AS","AS","NONE_VERIFIED","false"
"ECON-9708-2.2.2-01","ECON-9708-2.2.6-01","2.2.2","2.2.6","0.500","0.750","Calculate price elasticity of demand from percentage changes","Assess determinants of price elasticity of demand","SOURCE_SCOPE_KEEP_DISTINCT_PROVISIONAL","Numerical demand elasticity versus determinants","AS","AS","NONE_VERIFIED","false"
"ECON-9708-2.2.2-02","ECON-9708-2.2.6-02","2.2.2","2.2.6","0.500","0.750","Calculate income elasticity of demand from data","Assess determinants of income elasticity of demand","SOURCE_SCOPE_KEEP_DISTINCT_PROVISIONAL","Numerical demand elasticity versus determinants","AS","AS","NONE_VERIFIED","false"
"ECON-9708-2.3.1-BASE","ECON-9708-2.3.2-BASE","2.3.1","2.3.2","0.500","1.000","Define price elasticity of supply","Calculate price elasticity of supply using percentage changes in quantity supplied and price","SOURCE_SCOPE_KEEP_DISTINCT_PROVISIONAL","Price elasticity of supply definition vs calculation","AS","AS","NONE_VERIFIED","false"
"ECON-9708-2.5.1-BASE","ECON-9708-2.5.3-01","2.5.1","2.5.3","0.500","1.000","Explain the meaning and significance of consumer surplus","Explain causes of changes in consumer surplus","SOURCE_SCOPE_KEEP_DISTINCT_PROVISIONAL","Consumer surplus meaning vs reasons for a change in consumer surplus","AS","AS","NONE_VERIFIED","false"
"ECON-9708-2.5.2-BASE","ECON-9708-2.5.3-02","2.5.2","2.5.3","0.500","1.000","Explain the meaning and significance of producer surplus","Explain causes of changes in producer surplus","SOURCE_SCOPE_KEEP_DISTINCT_PROVISIONAL","Producer surplus meaning vs causes of changes in producer surplus","AS","AS","NONE_VERIFIED","false"
"ECON-9708-3.2.3-BASE","ECON-9708-8.1.1-07","3.2.3","8.1.1","0.500","1.000","Explain direct provision of goods and services by the public sector","Analyse direct public provision","SOURCE_SCOPE_KEEP_DISTINCT_PROVISIONAL","AS direct provision method vs A Level evaluation of policy suitability","AS","A_LEVEL_ADDITION","NONE_VERIFIED","false"
"ECON-9708-3.2.4-01","ECON-9708-8.1.1-03","3.2.4","8.1.1","0.500","0.750","Explain the impact of a binding maximum price","Compare binding maximum and minimum price controls","PENDING_MANUAL_SEMANTIC_REVIEW","Lexical similarity only. No automatic merge or mastery inference.","AS","A_LEVEL_ADDITION","NONE_VERIFIED","false"
"ECON-9708-3.2.4-02","ECON-9708-8.1.1-03","3.2.4","8.1.1","0.500","0.750","Explain the impact of a binding minimum price","Compare binding maximum and minimum price controls","PENDING_MANUAL_SEMANTIC_REVIEW","Lexical similarity only. No automatic merge or mastery inference.","AS","A_LEVEL_ADDITION","NONE_VERIFIED","false"
"ECON-9708-4.1.1-BASE","ECON-9708-11.3.2-BASE","4.1.1","11.3.2","0.500","1.000","Define national income","Classify economies by their level of national income","PENDING_MANUAL_SEMANTIC_REVIEW","Lexical similarity only. No automatic merge or mastery inference.","AS","A_LEVEL_ADDITION","NONE_VERIFIED","false"
"ECON-9708-4.3.1-BASE","ECON-9708-4.3.5-BASE","4.3.1","4.3.5","0.500","1.000","Define aggregate demand","Explain causes of shifts in the aggregate-demand curve","SOURCE_SCOPE_KEEP_DISTINCT_PROVISIONAL","Aggregate demand definition vs shifts in the curve","AS","AS","NONE_VERIFIED","false"
"ECON-9708-5.2.1-BASE","ECON-9708-5.2.2-BASE","5.2.1","5.2.2","0.500","1.000","Define the government budget","Distinguish a government budget deficit from a surplus","SOURCE_SCOPE_KEEP_DISTINCT_PROVISIONAL","Government budget definition vs deficit/surplus distinction","AS","AS","NONE_VERIFIED","false"
"ECON-9708-5.3.1-BASE","ECON-9708-6.5.2-02","5.3.1","6.5.2","0.500","1.000","Define monetary policy","Evaluate effects of monetary policy on the current account","SOURCE_SCOPE_KEEP_DISTINCT_PROVISIONAL","AS monetary policy definition vs effects on current account","AS","AS","NONE_VERIFIED","false"
"ECON-9708-5.3.1-BASE","ECON-9708-10.3.1-02","5.3.1","10.3.1","0.500","1.000","Define monetary policy","Evaluate monetary policy and transmission constraints","SOURCE_SCOPE_KEEP_DISTINCT_PROVISIONAL","AS monetary policy definition vs A Level effectiveness evaluation","AS","A_LEVEL_ADDITION","NONE_VERIFIED","false"
"ECON-9708-5.3.1-BASE","ECON-9708-11.1.2-02","5.3.1","11.1.2","0.500","1.000","Define monetary policy","Analyse effects of monetary policy on the balance of payments","SOURCE_SCOPE_KEEP_DISTINCT_PROVISIONAL","AS monetary policy definition vs A Level full-BOP analysis","AS","A_LEVEL_ADDITION","NONE_VERIFIED","false"
"ECON-9708-7.2.1-01","ECON-9708-7.2.4-BASE","7.2.1","7.2.4","0.500","1.000","Define and interpret an indifference curve","Evaluate limitations of indifference-curve analysis","SOURCE_SCOPE_KEEP_DISTINCT_PROVISIONAL","Meaning of indifference curve vs critique of its model","A_LEVEL_ADDITION","A_LEVEL_ADDITION","NONE_VERIFIED","false"
"ECON-9708-7.5.1-01","ECON-9708-7.5.3-01","7.5.1","7.5.3","0.500","0.750","Distinguish fixed and variable factors in short-run production","Explain why all factors of production are variable in the long run","PENDING_MANUAL_SEMANTIC_REVIEW","Lexical similarity only. No automatic merge or mastery inference.","A_LEVEL_ADDITION","A_LEVEL_ADDITION","NONE_VERIFIED","false"
"ECON-9708-8.2.1-BASE","ECON-9708-9.2.5-02","8.2.1","9.2.5","0.500","1.000","Distinguish equity from equality","Analyse the impacts of economic growth on equity and equality","SOURCE_SCOPE_KEEP_DISTINCT_PROVISIONAL","Equity/equality definitions vs distributional effects of inclusive growth","A_LEVEL_ADDITION","A_LEVEL_ADDITION","NONE_VERIFIED","false"
"ECON-9708-8.3.2-BASE","ECON-9708-8.3.5-02","8.3.2","8.3.5","0.500","0.800","Explain determinants of demand for labour by a firm or occupation","Explain non-wage determinants of labour supply to a firm or occupation","SOURCE_SCOPE_KEEP_DISTINCT_PROVISIONAL","Determinants of demand for labour vs nonwage factors affecting labour supply","A_LEVEL_ADDITION","A_LEVEL_ADDITION","NONE_VERIFIED","false"
"ECON-9708-10.1.1-02","ECON-9708-11.1.2-01","10.1.1","11.1.2","0.500","0.750","Explain the balance-of-payments macroeconomic policy objective","Analyse effects of fiscal policy on the balance of payments","PENDING_MANUAL_SEMANTIC_REVIEW","Lexical similarity only. No automatic merge or mastery inference.","A_LEVEL_ADDITION","A_LEVEL_ADDITION","NONE_VERIFIED","false"
"ECON-9708-10.1.1-02","ECON-9708-11.1.2-02","10.1.1","11.1.2","0.500","0.750","Explain the balance-of-payments macroeconomic policy objective","Analyse effects of monetary policy on the balance of payments","PENDING_MANUAL_SEMANTIC_REVIEW","Lexical similarity only. No automatic merge or mastery inference.","A_LEVEL_ADDITION","A_LEVEL_ADDITION","NONE_VERIFIED","false"
"ECON-9708-10.1.1-02","ECON-9708-11.1.2-04","10.1.1","11.1.2","0.500","0.750","Explain the balance-of-payments macroeconomic policy objective","Analyse effects of protectionist policy on the balance of payments","PENDING_MANUAL_SEMANTIC_REVIEW","Lexical similarity only. No automatic merge or mastery inference.","A_LEVEL_ADDITION","A_LEVEL_ADDITION","NONE_VERIFIED","false"
"ECON-9708-11.5.3-03","ECON-9708-11.5.4-02","11.5.3","11.5.4","0.500","0.750","Evaluate consequences of MNCs for host and home economies","Evaluate potential host- and home-economy consequences of FDI","PENDING_MANUAL_SEMANTIC_REVIEW","Lexical similarity only. No automatic merge or mastery inference.","A_LEVEL_ADDITION","A_LEVEL_ADDITION","NONE_VERIFIED","false"
"ECON-9708-4.3.12-01","ECON-9708-5.4.4-BASE","4.3.12","5.4.4","0.444","0.800","Analyse the effects of a shift in AD on real output the price level and employment","Analyse supply-side policy effects on equilibrium output, the price level and employment using AD/AS","PENDING_MANUAL_SEMANTIC_REVIEW","Lexical similarity only. No automatic merge or mastery inference.","AS","AS","NONE_VERIFIED","false"
"ECON-9708-4.3.12-02","ECON-9708-5.4.4-BASE","4.3.12","5.4.4","0.444","0.800","Analyse the effects of a shift in AS on real output the price level and employment","Analyse supply-side policy effects on equilibrium output, the price level and employment using AD/AS","PENDING_MANUAL_SEMANTIC_REVIEW","Lexical similarity only. No automatic merge or mastery inference.","AS","AS","NONE_VERIFIED","false"
"ECON-9708-2.2.1-01","ECON-9708-2.2.2-01","2.2.1","2.2.2","0.429","0.750","Define price elasticity of demand with the correct directional ratio","Calculate price elasticity of demand from percentage changes","SOURCE_SCOPE_KEEP_DISTINCT_PROVISIONAL","Definition of elasticity vs numerically calculating elasticity","AS","AS","NONE_VERIFIED","false"
"ECON-9708-2.2.2-01","ECON-9708-2.3.2-BASE","2.2.2","2.3.2","0.429","0.750","Calculate price elasticity of demand from percentage changes","Calculate price elasticity of supply using percentage changes in quantity supplied and price","PENDING_MANUAL_SEMANTIC_REVIEW","Lexical similarity only. No automatic merge or mastery inference.","AS","AS","NONE_VERIFIED","false"
"ECON-9708-2.3.2-BASE","ECON-9708-2.3.4-BASE","2.3.2","2.3.4","0.429","0.750","Calculate price elasticity of supply using percentage changes in quantity supplied and price","Explain factors affecting price elasticity of supply","PENDING_MANUAL_SEMANTIC_REVIEW","Lexical similarity only. No automatic merge or mastery inference.","AS","AS","NONE_VERIFIED","false"
"ECON-9708-4.3.4-BASE","ECON-9708-4.3.5-BASE","4.3.4","4.3.5","0.429","0.750","Explain the downward-sloping shape of the aggregate-demand curve","Explain causes of shifts in the aggregate-demand curve","PENDING_MANUAL_SEMANTIC_REVIEW","Lexical similarity only. No automatic merge or mastery inference.","AS","AS","NONE_VERIFIED","false"
"ECON-9708-5.2.6-BASE","ECON-9708-5.2.7-01","5.2.6","5.2.7","0.429","0.750","Distinguish expansionary from contractionary fiscal policy","Analyse expansionary fiscal policy effects on real output prices and employment using AD/AS","PENDING_MANUAL_SEMANTIC_REVIEW","Lexical similarity only. No automatic merge or mastery inference.","AS","AS","NONE_VERIFIED","false"
"ECON-9708-5.2.6-BASE","ECON-9708-5.2.7-02","5.2.6","5.2.7","0.429","0.750","Distinguish expansionary from contractionary fiscal policy","Analyse contractionary fiscal policy effects on real output prices and employment using AD/AS","PENDING_MANUAL_SEMANTIC_REVIEW","Lexical similarity only. No automatic merge or mastery inference.","AS","AS","NONE_VERIFIED","false"
"ECON-9708-5.2.6-BASE","ECON-9708-5.3.3-BASE","5.2.6","5.3.3","0.429","0.750","Distinguish expansionary from contractionary fiscal policy","Distinguish expansionary from contractionary monetary policy as one comparison","PENDING_MANUAL_SEMANTIC_REVIEW","Lexical similarity only. No automatic merge or mastery inference.","AS","AS","NONE_VERIFIED","false"
"ECON-9708-7.2.1-02","ECON-9708-7.2.2-BASE","7.2.1","7.2.2","0.429","1.000","Define and interpret a consumer budget line","Explain how and why a consumer budget line changes when income or product prices change","SOURCE_SCOPE_KEEP_DISTINCT_PROVISIONAL","Budget constraint definition vs reasons for its shifts","A_LEVEL_ADDITION","A_LEVEL_ADDITION","NONE_VERIFIED","false"
"ECON-9708-8.1.2-03","ECON-9708-10.3.3-BASE","8.1.2","10.3.3","0.429","0.750","Evaluate efficiency consequences of government failure","Evaluate the existence, mechanisms and consequences of macroeconomic government failure","PENDING_MANUAL_SEMANTIC_REVIEW","Lexical similarity only. No automatic merge or mastery inference.","A_LEVEL_ADDITION","A_LEVEL_ADDITION","NONE_VERIFIED","false"
"ECON-9708-2.1.3-BASE","ECON-9708-2.2.6-01","2.1.3","2.2.6","0.400","1.000","Explain the determinants of demand","Assess determinants of price elasticity of demand","PENDING_MANUAL_SEMANTIC_REVIEW","Lexical similarity only. No automatic merge or mastery inference.","AS","AS","NONE_VERIFIED","false"
"ECON-9708-2.1.3-BASE","ECON-9708-2.2.6-02","2.1.3","2.2.6","0.400","1.000","Explain the determinants of demand","Assess determinants of income elasticity of demand","PENDING_MANUAL_SEMANTIC_REVIEW","Lexical similarity only. No automatic merge or mastery inference.","AS","AS","NONE_VERIFIED","false"
"ECON-9708-2.1.3-BASE","ECON-9708-2.2.6-03","2.1.3","2.2.6","0.400","1.000","Explain the determinants of demand","Assess determinants of cross elasticity of demand","PENDING_MANUAL_SEMANTIC_REVIEW","Lexical similarity only. No automatic merge or mastery inference.","AS","AS","NONE_VERIFIED","false"
"ECON-9708-2.1.3-BASE","ECON-9708-8.3.2-BASE","2.1.3","8.3.2","0.400","1.000","Explain the determinants of demand","Explain determinants of demand for labour by a firm or occupation","PENDING_MANUAL_SEMANTIC_REVIEW","Lexical similarity only. No automatic merge or mastery inference.","AS","A_LEVEL_ADDITION","NONE_VERIFIED","false"
"ECON-9708-2.4.1-BASE","ECON-9708-4.2.3-BASE","2.4.1","4.2.3","0.400","1.000","Define and distinguish market equilibrium and disequilibrium","Explain equilibrium and disequilibrium in the circular flow of income","PENDING_MANUAL_SEMANTIC_REVIEW","Lexical similarity only. No automatic merge or mastery inference.","AS","AS","NONE_VERIFIED","false"
"ECON-9708-4.1.1-BASE","ECON-9708-9.1.1-10","4.1.1","9.1.1","0.400","1.000","Define national income","Determine equilibrium national income using multiplier assumptions","PENDING_MANUAL_SEMANTIC_REVIEW","Lexical similarity only. No automatic merge or mastery inference.","AS","A_LEVEL_ADDITION","NONE_VERIFIED","false"
"ECON-9708-4.1.1-BASE","ECON-9708-9.1.1-11","4.1.1","9.1.1","0.400","1.000","Define national income","Estimate the national-income effect of an autonomous demand change","PENDING_MANUAL_SEMANTIC_REVIEW","Lexical similarity only. No automatic merge or mastery inference.","AS","A_LEVEL_ADDITION","NONE_VERIFIED","false"
"ECON-9708-4.3.1-BASE","ECON-9708-4.3.10-01","4.3.1","4.3.10","0.400","1.000","Define aggregate demand","Distinguish movement along aggregate demand (AD) from a shift of AD","PENDING_MANUAL_SEMANTIC_REVIEW","Lexical similarity only. No automatic merge or mastery inference.","AS","AS","NONE_VERIFIED","false"
"ECON-9708-4.3.6-BASE","ECON-9708-4.3.10-02","4.3.6","4.3.10","0.400","1.000","Define aggregate supply","Distinguish movement along aggregate supply (AS) from a shift of AS","PENDING_MANUAL_SEMANTIC_REVIEW","Lexical similarity only. No automatic merge or mastery inference.","AS","AS","NONE_VERIFIED","false"
"ECON-9708-5.3.1-BASE","ECON-9708-5.3.2-01","5.3.1","5.3.2","0.400","1.000","Define monetary policy","Explain the use of interest rates as a monetary-policy tool","PENDING_MANUAL_SEMANTIC_REVIEW","Lexical similarity only. No automatic merge or mastery inference.","AS","AS","NONE_VERIFIED","false"
"ECON-9708-5.3.1-BASE","ECON-9708-5.3.2-02","5.3.1","5.3.2","0.400","1.000","Define monetary policy","Explain changes in money supply as a monetary-policy tool","PENDING_MANUAL_SEMANTIC_REVIEW","Lexical similarity only. No automatic merge or mastery inference.","AS","AS","NONE_VERIFIED","false"
"ECON-9708-5.3.1-BASE","ECON-9708-5.3.2-03","5.3.1","5.3.2","0.400","1.000","Define monetary policy","Explain credit regulations as a monetary-policy tool","PENDING_MANUAL_SEMANTIC_REVIEW","Lexical similarity only. No automatic merge or mastery inference.","AS","AS","NONE_VERIFIED","false"
"ECON-9708-1.5.3-01","ECON-9708-1.5.4-BASE","1.5.3","1.5.4","0.375","0.750","Explain causes of shifts in a production possibility curve","Interpret the significance of a point inside, on or outside a production possibility curve","PENDING_MANUAL_SEMANTIC_REVIEW","Lexical similarity only. No automatic merge or mastery inference.","AS","AS","NONE_VERIFIED","false"
"ECON-9708-2.2.2-01","ECON-9708-2.2.7-BASE","2.2.2","2.2.7","0.375","0.750","Calculate price elasticity of demand from percentage changes","Explain the relationship between price elasticity of demand and total expenditure on a product","PENDING_MANUAL_SEMANTIC_REVIEW","Lexical similarity only. No automatic merge or mastery inference.","AS","AS","NONE_VERIFIED","false"
"ECON-9708-6.5.1-BASE","ECON-9708-6.5.2-01","6.5.1","6.5.2","0.375","0.750","Explain stability of the current-account balance as a government policy objective","Evaluate effects of fiscal policy on the current account","PENDING_MANUAL_SEMANTIC_REVIEW","Lexical similarity only. No automatic merge or mastery inference.","AS","AS","NONE_VERIFIED","false"
"ECON-9708-6.5.1-BASE","ECON-9708-6.5.2-02","6.5.1","6.5.2","0.375","0.750","Explain stability of the current-account balance as a government policy objective","Evaluate effects of monetary policy on the current account","PENDING_MANUAL_SEMANTIC_REVIEW","Lexical similarity only. No automatic merge or mastery inference.","AS","AS","NONE_VERIFIED","false"
"ECON-9708-6.5.1-BASE","ECON-9708-6.5.2-04","6.5.1","6.5.2","0.375","0.750","Explain stability of the current-account balance as a government policy objective","Evaluate effects of protectionist policy on the current account","PENDING_MANUAL_SEMANTIC_REVIEW","Lexical similarity only. No automatic merge or mastery inference.","AS","AS","NONE_VERIFIED","false"
"ECON-9708-7.5.8-03","ECON-9708-8.3.4-01","7.5.8","8.3.4","0.375","0.750","Calculate marginal revenue (MR) from changes in total revenue and distinguish MR from price","Define and calculate marginal revenue product (MRP) using the relevant price/revenue assumptions","PENDING_MANUAL_SEMANTIC_REVIEW","Lexical similarity only. No automatic merge or mastery inference.","A_LEVEL_ADDITION","A_LEVEL_ADDITION","NONE_VERIFIED","false"
"ECON-9708-2.2.2-01","ECON-9708-2.2.5-BASE","2.2.2","2.2.5","0.333","0.750","Calculate price elasticity of demand from percentage changes","Explain why price elasticity of demand varies along a straight-line demand curve","PENDING_MANUAL_SEMANTIC_REVIEW","Lexical similarity only. No automatic merge or mastery inference.","AS","AS","NONE_VERIFIED","false"
"ECON-9708-4.1.1-BASE","ECON-9708-4.1.2-03","4.1.1","4.1.2","0.333","1.000","Define national income","Derive NNI from gross national income and depreciation","PENDING_MANUAL_SEMANTIC_REVIEW","Lexical similarity only. No automatic merge or mastery inference.","AS","AS","NONE_VERIFIED","false"
"ECON-9708-4.1.1-BASE","ECON-9708-4.1.3-BASE","4.1.1","4.1.3","0.333","1.000","Define national income","Convert national-income values at market prices to basic prices","PENDING_MANUAL_SEMANTIC_REVIEW","Lexical similarity only. No automatic merge or mastery inference.","AS","AS","NONE_VERIFIED","false"
"ECON-9708-4.3.1-BASE","ECON-9708-4.3.4-BASE","4.3.1","4.3.4","0.333","1.000","Define aggregate demand","Explain the downward-sloping shape of the aggregate-demand curve","PENDING_MANUAL_SEMANTIC_REVIEW","Lexical similarity only. No automatic merge or mastery inference.","AS","AS","NONE_VERIFIED","false"
"ECON-9708-4.3.5-BASE","ECON-9708-8.3.3-BASE","4.3.5","8.3.3","0.333","0.750","Explain causes of shifts in the aggregate-demand curve","Distinguish labour-demand curve shifts from wage-driven movements along it","PENDING_MANUAL_SEMANTIC_REVIEW","Lexical similarity only. No automatic merge or mastery inference.","AS","A_LEVEL_ADDITION","NONE_VERIFIED","false"
"ECON-9708-4.3.6-BASE","ECON-9708-4.3.9-01","4.3.6","4.3.9","0.333","1.000","Define aggregate supply","Explain causes of shifts in short-run aggregate supply (SRAS)","PENDING_MANUAL_SEMANTIC_REVIEW","Lexical similarity only. No automatic merge or mastery inference.","AS","AS","NONE_VERIFIED","false"
"ECON-9708-4.3.6-BASE","ECON-9708-4.3.9-02","4.3.6","4.3.9","0.333","1.000","Define aggregate supply","Explain causes of shifts in long-run aggregate supply (LRAS)","PENDING_MANUAL_SEMANTIC_REVIEW","Lexical similarity only. No automatic merge or mastery inference.","AS","AS","NONE_VERIFIED","false"
"ECON-9708-5.3.1-BASE","ECON-9708-5.3.3-BASE","5.3.1","5.3.3","0.333","1.000","Define monetary policy","Distinguish expansionary from contractionary monetary policy as one comparison","PENDING_MANUAL_SEMANTIC_REVIEW","Lexical similarity only. No automatic merge or mastery inference.","AS","AS","NONE_VERIFIED","false"
"ECON-9708-5.3.1-BASE","ECON-9708-5.3.4-01","5.3.1","5.3.4","0.333","1.000","Define monetary policy","Analyse expansionary monetary policy with AD/AS and output, price and employment effects","PENDING_MANUAL_SEMANTIC_REVIEW","Lexical similarity only. No automatic merge or mastery inference.","AS","AS","NONE_VERIFIED","false"
"ECON-9708-5.3.1-BASE","ECON-9708-5.3.4-02","5.3.1","5.3.4","0.333","1.000","Define monetary policy","Analyse contractionary monetary policy with AD/AS and output, price and employment effects","PENDING_MANUAL_SEMANTIC_REVIEW","Lexical similarity only. No automatic merge or mastery inference.","AS","AS","NONE_VERIFIED","false"
"ECON-9708-7.5.2-03","ECON-9708-7.6.4-05","7.5.2","7.6.4","0.333","1.000","Calculate and interpret marginal cost","Explain competitive firm's marginal-cost supply rule","PENDING_MANUAL_SEMANTIC_REVIEW","Lexical similarity only. No automatic merge or mastery inference.","A_LEVEL_ADDITION","A_LEVEL_ADDITION","NONE_VERIFIED","false"
"ECON-9708-9.3.4-01","ECON-9708-10.2.5-03","9.3.4","10.2.5","0.333","1.000","Define the natural rate of unemployment","Analyse the expectations-augmented long-run Phillips curve and the natural unemployment rate","PENDING_MANUAL_SEMANTIC_REVIEW","Lexical similarity only. No automatic merge or mastery inference.","A_LEVEL_ADDITION","A_LEVEL_ADDITION","NONE_VERIFIED","false"
"ECON-9708-4.3.10-01","ECON-9708-9.4.7-04","4.3.10","9.4.7","0.308","0.800","Distinguish movement along aggregate demand (AD) from a shift of AD","Distinguish an income-driven shift of liquidity preference from an interest-rate-driven movement along the money-demand curve","PENDING_MANUAL_SEMANTIC_REVIEW","Lexical similarity only. No automatic merge or mastery inference.","AS","A_LEVEL_ADDITION","NONE_VERIFIED","false"
"ECON-9708-9.3.4-02","ECON-9708-10.2.5-03","9.3.4","10.2.5","0.300","0.750","Explain the determinants of the natural rate of unemployment","Analyse the expectations-augmented long-run Phillips curve and the natural unemployment rate","PENDING_MANUAL_SEMANTIC_REVIEW","Lexical similarity only. No automatic merge or mastery inference.","A_LEVEL_ADDITION","A_LEVEL_ADDITION","NONE_VERIFIED","false"
"ECON-9708-2.1.3-BASE","ECON-9708-4.3.3-BASE","2.1.3","4.3.3","0.286","1.000","Explain the determinants of demand","Explain determinants of aggregate demand without requiring detailed components","PENDING_MANUAL_SEMANTIC_REVIEW","Lexical similarity only. No automatic merge or mastery inference.","AS","AS","NONE_VERIFIED","false"
"ECON-9708-2.1.4-BASE","ECON-9708-8.3.5-02","2.1.4","8.3.5","0.286","1.000","Explain the determinants of supply","Explain non-wage determinants of labour supply to a firm or occupation","PENDING_MANUAL_SEMANTIC_REVIEW","Lexical similarity only. No automatic merge or mastery inference.","AS","A_LEVEL_ADDITION","NONE_VERIFIED","false"
"ECON-9708-2.5.3-01","ECON-9708-2.5.4-BASE","2.5.3","2.5.4","0.286","1.000","Explain causes of changes in consumer surplus","Explain how PED and PES affect the extent of changes in consumer and producer surplus","PENDING_MANUAL_SEMANTIC_REVIEW","Lexical similarity only. No automatic merge or mastery inference.","AS","AS","NONE_VERIFIED","false"
"ECON-9708-2.5.3-02","ECON-9708-2.5.4-BASE","2.5.3","2.5.4","0.286","1.000","Explain causes of changes in producer surplus","Explain how PED and PES affect the extent of changes in consumer and producer surplus","PENDING_MANUAL_SEMANTIC_REVIEW","Lexical similarity only. No automatic merge or mastery inference.","AS","AS","NONE_VERIFIED","false"
"ECON-9708-4.1.1-BASE","ECON-9708-4.1.4-BASE","4.1.1","4.1.4","0.286","1.000","Define national income","Convert gross national income accounting measures to net measures","PENDING_MANUAL_SEMANTIC_REVIEW","Lexical similarity only. No automatic merge or mastery inference.","AS","AS","NONE_VERIFIED","false"
"ECON-9708-4.3.1-BASE","ECON-9708-4.3.3-BASE","4.3.1","4.3.3","0.286","1.000","Define aggregate demand","Explain determinants of aggregate demand without requiring detailed components","PENDING_MANUAL_SEMANTIC_REVIEW","Lexical similarity only. No automatic merge or mastery inference.","AS","AS","NONE_VERIFIED","false"
"ECON-9708-4.3.6-BASE","ECON-9708-4.3.8-01","4.3.6","4.3.8","0.286","1.000","Define aggregate supply","Describe and diagram upward short-run aggregate supply","PENDING_MANUAL_SEMANTIC_REVIEW","Lexical similarity only. No automatic merge or mastery inference.","AS","AS","NONE_VERIFIED","false"
"ECON-9708-2.1.5-BASE","ECON-9708-9.4.7-04","2.1.5","9.4.7","0.250","1.000","Explain causes of a shift in the demand curve","Distinguish an income-driven shift of liquidity preference from an interest-rate-driven movement along the money-demand curve","PENDING_MANUAL_SEMANTIC_REVIEW","Lexical similarity only. No automatic merge or mastery inference.","AS","A_LEVEL_ADDITION","NONE_VERIFIED","false"
"ECON-9708-4.3.6-BASE","ECON-9708-4.3.8-02","4.3.6","4.3.8","0.250","1.000","Define aggregate supply","Compare vertical and three-stage long-run aggregate supply representations","PENDING_MANUAL_SEMANTIC_REVIEW","Lexical similarity only. No automatic merge or mastery inference.","AS","AS","NONE_VERIFIED","false"
"ECON-9708-7.4.1-02","ECON-9708-7.5.2-03","7.4.1","7.5.2","0.222","1.000","Define and calculate marginal social cost using marginal private and marginal external costs: MSC = MPC + MEC","Calculate and interpret marginal cost","PENDING_MANUAL_SEMANTIC_REVIEW","Lexical similarity only. No automatic merge or mastery inference.","A_LEVEL_ADDITION","A_LEVEL_ADDITION","NONE_VERIFIED","false"
