"official_point","review_status","question_ids","question_locations","caution","precise_question_answer_mapping","qa_approved","runtime_allowed"
"1.1.4","aligned","5477;5472","Q5477 [Tour S2 T1]; Q5472 [Tour S2 T1]","Resource-allocation choices; questions in Season 2 Tour 1","NOT_VERIFIED","false","false"
"1.2.1","partial","5478","Q5478 [Tour S2 T1]","Inductive reasoning only, not complete economics-as-social-science methodology","NOT_VERIFIED","false","false"
"1.2.4","aligned","5470","Q5470 [Tour S2 T1]","Short run versus long run decision context","NOT_VERIFIED","false","false"
"1.3.1","partial","1015","Q1015 [Tour S1 T1]","Enterprise as one factor only; other factors not fully tested","NOT_VERIFIED","false","false"
"1.3.2","partial","5469","Q5469 [Tour S2 T1]","Human-capital training only; no explicit physical-capital contrast","NOT_VERIFIED","false","false"
"1.3.4","aligned","5480","Q5480 [Tour S2 T1]","Division of labour, productivity and monotony","NOT_VERIFIED","false","false"
"1.3.5","aligned","1101","Q1101 [Tour S1 T1]","Entrepreneurial coordination and financial risk","NOT_VERIFIED","false","false"
"1.5.2","aligned","1091","Q1091 [Tour S1 T1]","Bowed-out PPC reasoning","NOT_VERIFIED","false","false"
"1.5.4","aligned","5474;5487","Q5474 [Tour S2 T1]; Q5487 [Tour S2 T1]","PPC feasibility and productive utilisation examples","NOT_VERIFIED","false","false"
"1.6.1","none","","","No explicit free-versus-economic-goods question found","NOT_VERIFIED","false","false"
"2.1.1","aligned","5476","Q5476 [bank only]","Effective demand requires purchasing power","NOT_VERIFIED","false","false"
"2.2.5","none","","","No clear within-linear-demand elasticity comparison","NOT_VERIFIED","false","false"
"2.2.6","none","","","No direct PED/YED/XED determinants comparison","NOT_VERIFIED","false","false"
"2.5.4","none","","","No clear elasticity-dependent surplus analysis","NOT_VERIFIED","false","false"
"3.2.2","partial","6190;5140","Q6190 [Tour S2 T5]; Q5140 [Tour S1 T5]","Merit-good subsidy rationale; beneficiary/diagram/evaluation still required","NOT_VERIFIED","false","false"
"3.2.3","aligned","5496","Q5496 [bank only]","Direct public provision example","NOT_VERIFIED","false","false"
"3.2.5","none","","","No explicit buffer-stock example","NOT_VERIFIED","false","false"
"3.2.6","aligned","6202;5142","Q6202 [Tour S2 T5]; Q5142 [Tour S1 T5]","Information correction and public campaigns","NOT_VERIFIED","false","false"
"3.3.1","aligned","5497","Q5497 [Tour S2 T2]","Flow income versus stock wealth","NOT_VERIFIED","false","false"
"3.3.3","partial","5499","Q5499 [bank only]","Asset ownership and wealth inequality, not full inequality causes","NOT_VERIFIED","false","false"
"4.1.3","aligned","5504","Q5504 [Tour S2 T2]","GDP basic-price to market-price calculation","NOT_VERIFIED","false","false"
"4.1.4","aligned","5514","Q5514 [Tour S2 T2]","NNI at basic prices from gross national accounting","NOT_VERIFIED","false","false"
"4.3.4","none","","","No clear reason for AD curve downward slope","NOT_VERIFIED","false","false"
"4.3.10","none","","","No direct AD/AS movement-versus-shift distinction","NOT_VERIFIED","false","false"
"4.3.11","none","","","No direct AD/AS macro-equilibrium diagram identification","NOT_VERIFIED","false","false"
"5.2.3","partial","5096","Q5096 [Practice 6]","Debt constrained fiscal stimulus, not public debt definition","NOT_VERIFIED","false","false"
"6.1.3","aligned","5406;5439","Q5406 [Practice 7]; Q5439 [Practice 7]","Terms-of-trade changes and interpretation; located in A Level Tour 7","NOT_VERIFIED","false","false"
"6.3.2","partial","2494;5411","Q2494 [Practice 2]; Q5411 [Practice 7]","Net exports and classification, not complete current account balance","NOT_VERIFIED","false","false"
"6.3.4","none","","","No direct consequences of current-account disequilibrium","NOT_VERIFIED","false","false"
"6.4.5","aligned","6223","Q6223 [Tour S2 T6]","Appreciation to aggregate demand; Season 2 Tour 6","NOT_VERIFIED","false","false"
"7.1.4","partial","3943","Q3943 [Practice 4]","Utility-maximising purchase decision; demand-curve derivation absent","NOT_VERIFIED","false","false"
"7.2.3","none","","","Labour wage-income effect is NOT consumer choice price decomposition","NOT_VERIFIED","false","false"
"7.3.3","none","","","No Pareto criterion item found","NOT_VERIFIED","false","false"
"7.4.6","partial","2517","Q2517 [Practice 2]","Information asymmetry only, not moral hazard or adverse selection","NOT_VERIFIED","false","false"
"7.4.7","aligned","6203","Q6203 [Tour S2 T5]","Cost-benefit analysis limitations; Season 2 Tour 5","NOT_VERIFIED","false","false"
"7.5.1","none","","","No TP/AP/MP product calculation evidence found","NOT_VERIFIED","false","false"
"7.5.7","none","","","No explicit diseconomies of scale question","NOT_VERIFIED","false","false"
"7.5.8","none","","","MRP labour is not business marginal revenue / revenue curves","NOT_VERIFIED","false","false"
"7.7.4","none","","","No direct cartel stability/collusion question","NOT_VERIFIED","false","false"
"7.7.5","aligned","6188;3936","Q6188 [Tour S2 T4]; Q3936 [Tour S1 T4]","Principal-agent conflict examples","NOT_VERIFIED","false","false"
"7.8.4","none","","","No explicit limit/predatory/leader pricing question","NOT_VERIFIED","false","false"
"8.2.3","aligned","5427;5457;6197","Q5427 [Practice 7]; Q5457 [Practice 7]; Q6197 [Tour S2 T5]","Absolute and relative poverty definitions","NOT_VERIFIED","false","false"
"8.3.10","none","","","No transfer earnings/economic rent example","NOT_VERIFIED","false","false"
"9.2.2","aligned","5053","Q5053 [Practice 6]","Negative output-gap classification","NOT_VERIFIED","false","false"
"9.2.3","partial","6160;5057","Q6160 [Tour S2 T3]; Q5057 [Practice 6]","Automatic stabilisers only; business-cycle phases and causes not covered","NOT_VERIFIED","false","false"
"9.3.1","partial","5075","Q5075 [Practice 6]","Frictional/structural natural unemployment, full-employment model partial","NOT_VERIFIED","false","false"
"9.3.2","partial","2542","Q2542 [Tour S1 T2]","Hysteresis example; Season 1 Tour 2 is mis-tiered for A Level","NOT_VERIFIED","false","false"
"9.3.3","none","","","No voluntary/involuntary unemployment distinction","NOT_VERIFIED","false","false"
"9.4.3","aligned_wrong_tier","2540","Q2540 [Practice 2]","Quantity equation calculation exists, but Practice Tour 2 is AS-labelled","NOT_VERIFIED","false","false"
"9.4.7","partial","6225","Q6225 [Tour S2 T6]","Liquidity trap is only a special case, not full liquidity-preference theory","NOT_VERIFIED","false","false"
"9.4.8","partial","6167","Q6167 [Tour S2 T3]","Loanable-funds scenario only; Keynesian comparison absent and historical Tour 3 tier questionable","NOT_VERIFIED","false","false"
"10.2.5","partial","6222;2541","Q6222 [Tour S2 T6]; Q2541 [Practice 2]","Short-run Phillips only; long-run expectations-augmented analysis absent","NOT_VERIFIED","false","false"
"10.3.3","none","","","Micro government failure is NOT specific macroeconomic government failure","NOT_VERIFIED","false","false"
"11.2.1","none","","","Relative inflation/competitiveness not a complete exchange-rate index model","NOT_VERIFIED","false","false"
"11.2.5","aligned","6235;5404;5423","Q6235 [Tour S2 T7]; Q5404 [Practice 7]; Q5423 [Practice 7]","J-curve and Marshall-Lerner, from A Level Tour 7","NOT_VERIFIED","false","false"
"11.4.1","partial","5443","Q5443 [Practice 7]","Dependency ratio, but wider demographics and urbanisation missing","NOT_VERIFIED","false","false"
"11.4.2","partial","4457;4472","Q4457 [Practice 5]; Q4472 [Practice 5]","Gini/Lorenz interpretation, NOT Gini calculation","NOT_VERIFIED","false","false"
"11.5.6","aligned","6244","Q6244 [Tour S2 T7]","IMF conditionality cost-benefit evaluation, Season 2 Tour 7","NOT_VERIFIED","false","false"
"11.5.7","none","","","No World Bank role question found","NOT_VERIFIED","false","false"
"11.6.2","partial","5453;5446","Q5453 [Practice 7]; Q5446 [Practice 7]","Free trade area and trading bloc evaluation; other unions absent","NOT_VERIFIED","false","false"
"11.6.3","aligned","5412;5432","Q5412 [Practice 7]; Q5432 [Practice 7]","Trade creation versus diversion","NOT_VERIFIED","false","false"
