"record_version","skill_key","official_syllabus_point","level","tour_no","book_chapter","action_kind","draft_english_learning_action","evidence_type_draft","parent_practice_question_candidates_only","verified_direct_question_ids","atomic_qa_status","academic_approval","ru_text_status","uz_text_status","runtime_allowed","official_source"
"v1_2026_10_09","ECON-9708-1.1.1-BASE","1.1.1","AS","1","1","one_to_one_placeholder","Recognise resource scarcity against competing wants","unclassified","1068;1064","NONE_VERIFIED","needs_atomicity_review_and_semantic_qa","not_approved","not_started","not_started","Cambridge Economics 9708 2026-2028 v2 / §1.1.1"
"v1_2026_10_09","ECON-9708-1.1.2-BASE","1.1.2","AS","1","1","one_to_one_placeholder","Explain choices by people, businesses and governments","unclassified","1084","NONE_VERIFIED","needs_atomicity_review_and_semantic_qa","not_approved","not_started","not_started","Cambridge Economics 9708 2026-2028 v2 / §1.1.2"
"v1_2026_10_09","ECON-9708-1.1.3-BASE","1.1.3","AS","1","1","one_to_one_placeholder","Identify the next-best alternative sacrificed by a choice","unclassified","1013;1089","NONE_VERIFIED","needs_atomicity_review_and_semantic_qa","not_approved","not_started","not_started","Cambridge Economics 9708 2026-2028 v2 / §1.1.3"
"v1_2026_10_09","ECON-9708-1.1.4-BASE","1.1.4","AS","1","1","one_to_one_placeholder","Explain the what/how/for-whom allocation questions","unclassified","","NONE_VERIFIED","needs_atomicity_review_and_semantic_qa","not_approved","not_started","not_started","Cambridge Economics 9708 2026-2028 v2 / §1.1.4"
"v1_2026_10_09","ECON-9708-1.2.1-BASE","1.2.1","AS","1","2","one_to_one_placeholder","Explain what makes economics a social science","unclassified","","NONE_VERIFIED","needs_atomicity_review_and_semantic_qa","not_approved","not_started","not_started","Cambridge Economics 9708 2026-2028 v2 / §1.2.1"
"v1_2026_10_09","ECON-9708-1.2.2-BASE","1.2.2","AS","1","2","one_to_one_placeholder","Distinguish testable positive claims from normative value claims","unclassified","1129","NONE_VERIFIED","needs_atomicity_review_and_semantic_qa","not_approved","not_started","not_started","Cambridge Economics 9708 2026-2028 v2 / §1.2.2"
"v1_2026_10_09","ECON-9708-1.2.3-BASE","1.2.3","AS","1","2","one_to_one_placeholder","Use the other-things-equal assumption correctly","unclassified","1118","NONE_VERIFIED","needs_atomicity_review_and_semantic_qa","not_approved","not_started","not_started","Cambridge Economics 9708 2026-2028 v2 / §1.2.3"
"v1_2026_10_09","ECON-9708-1.2.4-BASE","1.2.4","AS","1","2","one_to_one_placeholder","Choose appropriate short-, long- and very-long-run frames","unclassified","","NONE_VERIFIED","needs_atomicity_review_and_semantic_qa","not_approved","not_started","not_started","Cambridge Economics 9708 2026-2028 v2 / §1.2.4"
"v1_2026_10_09","ECON-9708-1.3.1-BASE","1.3.1","AS","1","3","one_to_one_placeholder","Identify and distinguish the four productive resources","unclassified","","NONE_VERIFIED","needs_atomicity_review_and_semantic_qa","not_approved","not_started","not_started","Cambridge Economics 9708 2026-2028 v2 / §1.3.1"
"v1_2026_10_09","ECON-9708-1.3.2-BASE","1.3.2","AS","1","3","one_to_one_placeholder","Compare skills-based human capital with physical capital","unclassified","","NONE_VERIFIED","needs_atomicity_review_and_semantic_qa","not_approved","not_started","not_started","Cambridge Economics 9708 2026-2028 v2 / §1.3.2"
"v1_2026_10_09","ECON-9708-1.3.3-BASE","1.3.3","AS","1","3","one_to_one_placeholder","Associate each factor of production with its income reward","unclassified","1066;1067;1135","NONE_VERIFIED","needs_atomicity_review_and_semantic_qa","not_approved","not_started","not_started","Cambridge Economics 9708 2026-2028 v2 / §1.3.3"
"v1_2026_10_09","ECON-9708-1.3.4-BASE","1.3.4","AS","1","3","one_to_one_placeholder","Explain benefits and limits of specialised production","unclassified","","NONE_VERIFIED","needs_atomicity_review_and_semantic_qa","not_approved","not_started","not_started","Cambridge Economics 9708 2026-2028 v2 / §1.3.4"
"v1_2026_10_09","ECON-9708-1.3.5-BASE","1.3.5","AS","1","3","one_to_one_placeholder","Explain entrepreneurial coordination and risk-taking","unclassified","","NONE_VERIFIED","needs_atomicity_review_and_semantic_qa","not_approved","not_started","not_started","Cambridge Economics 9708 2026-2028 v2 / §1.3.5"
"v1_2026_10_09","ECON-9708-1.4.1-BASE","1.4.1","AS","1","4","one_to_one_placeholder","Compare who makes allocation decisions across economic systems","unclassified","1131","NONE_VERIFIED","needs_atomicity_review_and_semantic_qa","not_approved","not_started","not_started","Cambridge Economics 9708 2026-2028 v2 / §1.4.1"
"v1_2026_10_09","ECON-9708-1.4.2-BASE","1.4.2","AS","1","4","one_to_one_placeholder","Evaluate how market, planned and mixed economies distribute resources","unclassified","1102;1109;1122","NONE_VERIFIED","needs_atomicity_review_and_semantic_qa","not_approved","not_started","not_started","Cambridge Economics 9708 2026-2028 v2 / §1.4.2"
"v1_2026_10_09","ECON-9708-1.5.1-BASE","1.5.1","AS","1","5","one_to_one_placeholder","Read and sketch a production possibility frontier","unclassified","1116","NONE_VERIFIED","needs_atomicity_review_and_semantic_qa","not_approved","not_started","not_started","Cambridge Economics 9708 2026-2028 v2 / §1.5.1"
"v1_2026_10_09","ECON-9708-1.5.2-BASE","1.5.2","AS","1","5","one_to_one_placeholder","Explain straight or bowed-out PPC from cost patterns","unclassified","","NONE_VERIFIED","needs_atomicity_review_and_semantic_qa","not_approved","not_started","not_started","Cambridge Economics 9708 2026-2028 v2 / §1.5.2"
"v1_2026_10_09","ECON-9708-1.5.3-BASE","1.5.3","AS","1","5","one_to_one_placeholder","Identify and reason about inward/outward PPC shifts","unclassified","1090","NONE_VERIFIED","needs_atomicity_review_and_semantic_qa","not_approved","not_started","not_started","Cambridge Economics 9708 2026-2028 v2 / §1.5.3"
"v1_2026_10_09","ECON-9708-1.5.4-BASE","1.5.4","AS","1","5","one_to_one_placeholder","Interpret feasible, efficient and currently unattainable points on a PPC","unclassified","","NONE_VERIFIED","needs_atomicity_review_and_semantic_qa","not_approved","not_started","not_started","Cambridge Economics 9708 2026-2028 v2 / §1.5.4"
"v1_2026_10_09","ECON-9708-1.6.1-BASE","1.6.1","AS","1","6","one_to_one_placeholder","Distinguish free goods from scarce privately consumed goods","unclassified","","NONE_VERIFIED","needs_atomicity_review_and_semantic_qa","not_approved","not_started","not_started","Cambridge Economics 9708 2026-2028 v2 / §1.6.1"
"v1_2026_10_09","ECON-9708-1.6.2-BASE","1.6.2","AS","1","6","one_to_one_placeholder","Apply non-excludability/non-rivalry to identify public goods","unclassified","1111;1123;1136","NONE_VERIFIED","needs_atomicity_review_and_semantic_qa","not_approved","not_started","not_started","Cambridge Economics 9708 2026-2028 v2 / §1.6.2"
"v1_2026_10_09","ECON-9708-1.6.3-BASE","1.6.3","AS","1","6","one_to_one_placeholder","Explain under-consumption of merit goods under imperfect information","unclassified","1100","NONE_VERIFIED","needs_atomicity_review_and_semantic_qa","not_approved","not_started","not_started","Cambridge Economics 9708 2026-2028 v2 / §1.6.3"
"v1_2026_10_09","ECON-9708-1.6.4-BASE","1.6.4","AS","1","6","one_to_one_placeholder","Explain over-consumption of demerit goods under imperfect information","unclassified","1124","NONE_VERIFIED","needs_atomicity_review_and_semantic_qa","not_approved","not_started","not_started","Cambridge Economics 9708 2026-2028 v2 / §1.6.4"
"v1_2026_10_09","ECON-9708-2.1.1-BASE","2.1.1","AS","1","7","one_to_one_placeholder","Identify effective demand backed by ability and willingness to pay","unclassified","","NONE_VERIFIED","needs_atomicity_review_and_semantic_qa","not_approved","not_started","not_started","Cambridge Economics 9708 2026-2028 v2 / §2.1.1"
"v1_2026_10_09","ECON-9708-2.1.2-BASE","2.1.2","AS","1","7","one_to_one_placeholder","Build individual and aggregate market demand/supply schedules","unclassified","1030","NONE_VERIFIED","needs_atomicity_review_and_semantic_qa","not_approved","not_started","not_started","Cambridge Economics 9708 2026-2028 v2 / §2.1.2"
"v1_2026_10_09","ECON-9708-2.1.3-BASE","2.1.3","AS","1","7","one_to_one_placeholder","Classify and apply demand determinants","unclassified","1021;1071;1085;1092","NONE_VERIFIED","needs_atomicity_review_and_semantic_qa","not_approved","not_started","not_started","Cambridge Economics 9708 2026-2028 v2 / §2.1.3"
"v1_2026_10_09","ECON-9708-2.1.4-BASE","2.1.4","AS","1","7","one_to_one_placeholder","Classify and apply supply determinants","unclassified","1072;1093","NONE_VERIFIED","needs_atomicity_review_and_semantic_qa","not_approved","not_started","not_started","Cambridge Economics 9708 2026-2028 v2 / §2.1.4"
"v1_2026_10_09","ECON-9708-2.1.5-BASE","2.1.5","AS","1","7","one_to_one_placeholder","Predict demand-curve shifts from non-price events","unclassified","1070;1092","NONE_VERIFIED","needs_atomicity_review_and_semantic_qa","not_approved","not_started","not_started","Cambridge Economics 9708 2026-2028 v2 / §2.1.5"
"v1_2026_10_09","ECON-9708-2.1.6-BASE","2.1.6","AS","1","7","one_to_one_placeholder","Predict supply-curve shifts from non-price events","unclassified","1072;1093","NONE_VERIFIED","needs_atomicity_review_and_semantic_qa","not_approved","not_started","not_started","Cambridge Economics 9708 2026-2028 v2 / §2.1.6"
"v1_2026_10_09","ECON-9708-2.1.7-BASE","2.1.7","AS","1","7","one_to_one_placeholder","Separate movement along a curve from shifting the whole curve","unclassified","1020","NONE_VERIFIED","needs_atomicity_review_and_semantic_qa","not_approved","not_started","not_started","Cambridge Economics 9708 2026-2028 v2 / §2.1.7"
"v1_2026_10_09","ECON-9708-2.2.1-BASE","2.2.1","AS","1","8","one_to_one_placeholder","Define PED, YED and XED as distinct response ratios","unclassified","1023;1024;1078","NONE_VERIFIED","needs_atomicity_review_and_semantic_qa","not_approved","not_started","not_started","Cambridge Economics 9708 2026-2028 v2 / §2.2.1"
"v1_2026_10_09","ECON-9708-2.2.2-BASE","2.2.2","AS","1","8","one_to_one_placeholder","Calculate price, income and cross elasticities from given changes","unclassified","1094","NONE_VERIFIED","needs_atomicity_review_and_semantic_qa","not_approved","not_started","not_started","Cambridge Economics 9708 2026-2028 v2 / §2.2.2"
"v1_2026_10_09","ECON-9708-2.2.3-BASE","2.2.3","AS","1","8","one_to_one_placeholder","Interpret sign and magnitude of PED/YED/XED coefficients","unclassified","1023;1024;1078","NONE_VERIFIED","needs_atomicity_review_and_semantic_qa","not_approved","not_started","not_started","Cambridge Economics 9708 2026-2028 v2 / §2.2.3"
"v1_2026_10_09","ECON-9708-2.2.4-BASE","2.2.4","AS","1","8","one_to_one_placeholder","Classify perfectly elastic through perfectly inelastic cases","unclassified","1077","NONE_VERIFIED","needs_atomicity_review_and_semantic_qa","not_approved","not_started","not_started","Cambridge Economics 9708 2026-2028 v2 / §2.2.4"
"v1_2026_10_09","ECON-9708-2.2.5-BASE","2.2.5","AS","1","8","one_to_one_placeholder","Analyse how elasticity changes along a linear demand curve","unclassified","","NONE_VERIFIED","needs_atomicity_review_and_semantic_qa","not_approved","not_started","not_started","Cambridge Economics 9708 2026-2028 v2 / §2.2.5"
"v1_2026_10_09","ECON-9708-2.2.6-BASE","2.2.6","AS","1","8","one_to_one_placeholder","Explain determinants of PED, YED and XED","unclassified","","NONE_VERIFIED","needs_atomicity_review_and_semantic_qa","not_approved","not_started","not_started","Cambridge Economics 9708 2026-2028 v2 / §2.2.6"
"v1_2026_10_09","ECON-9708-2.2.7-BASE","2.2.7","AS","1","8","one_to_one_placeholder","Explain how PED affects spending and firms' total revenue","unclassified","1127;1079","NONE_VERIFIED","needs_atomicity_review_and_semantic_qa","not_approved","not_started","not_started","Cambridge Economics 9708 2026-2028 v2 / §2.2.7"
"v1_2026_10_09","ECON-9708-2.2.8-BASE","2.2.8","AS","1","8","one_to_one_placeholder","Select an economically sound decision using demand elasticities","unclassified","1127","NONE_VERIFIED","needs_atomicity_review_and_semantic_qa","not_approved","not_started","not_started","Cambridge Economics 9708 2026-2028 v2 / §2.2.8"
"v1_2026_10_09","ECON-9708-2.3.1-BASE","2.3.1","AS","1","9","one_to_one_placeholder","Define price elasticity of supply","unclassified","1087","NONE_VERIFIED","needs_atomicity_review_and_semantic_qa","not_approved","not_started","not_started","Cambridge Economics 9708 2026-2028 v2 / §2.3.1"
"v1_2026_10_09","ECON-9708-2.3.2-BASE","2.3.2","AS","1","9","one_to_one_placeholder","Calculate PES using percentage changes","unclassified","1095;1120","NONE_VERIFIED","needs_atomicity_review_and_semantic_qa","not_approved","not_started","not_started","Cambridge Economics 9708 2026-2028 v2 / §2.3.2"
"v1_2026_10_09","ECON-9708-2.3.3-BASE","2.3.3","AS","1","9","one_to_one_placeholder","Interpret PES coefficient size and sign","unclassified","1103","NONE_VERIFIED","needs_atomicity_review_and_semantic_qa","not_approved","not_started","not_started","Cambridge Economics 9708 2026-2028 v2 / §2.3.3"
"v1_2026_10_09","ECON-9708-2.3.4-BASE","2.3.4","AS","1","9","one_to_one_placeholder","Explain why PES differs across products and time frames","unclassified","1104;1113;1119;1132","NONE_VERIFIED","needs_atomicity_review_and_semantic_qa","not_approved","not_started","not_started","Cambridge Economics 9708 2026-2028 v2 / §2.3.4"
"v1_2026_10_09","ECON-9708-2.3.5-BASE","2.3.5","AS","1","9","one_to_one_placeholder","Assess firms' ability to respond quickly to changing prices","unclassified","1113;1119","NONE_VERIFIED","needs_atomicity_review_and_semantic_qa","not_approved","not_started","not_started","Cambridge Economics 9708 2026-2028 v2 / §2.3.5"
"v1_2026_10_09","ECON-9708-2.4.1-BASE","2.4.1","AS","1","10","one_to_one_placeholder","Determine and distinguish market equilibrium, shortages and surpluses","unclassified","1088;1074;1075;1096;1097","NONE_VERIFIED","needs_atomicity_review_and_semantic_qa","not_approved","not_started","not_started","Cambridge Economics 9708 2026-2028 v2 / §2.4.1"
"v1_2026_10_09","ECON-9708-2.4.2-BASE","2.4.2","AS","1","10","one_to_one_placeholder","Predict new price/quantity after shifts in supply and demand","unclassified","1106","NONE_VERIFIED","needs_atomicity_review_and_semantic_qa","not_approved","not_started","not_started","Cambridge Economics 9708 2026-2028 v2 / §2.4.2"
"v1_2026_10_09","ECON-9708-2.4.3-BASE","2.4.3","AS","1","10","one_to_one_placeholder","Explain joint and alternative demand, derived demand and joint supply","unclassified","1021;1071","NONE_VERIFIED","needs_atomicity_review_and_semantic_qa","not_approved","not_started","not_started","Cambridge Economics 9708 2026-2028 v2 / §2.4.3"
"v1_2026_10_09","ECON-9708-2.4.4-BASE","2.4.4","AS","1","10","one_to_one_placeholder","Explain price as a rationing, information and incentive device","unclassified","1102;1128","NONE_VERIFIED","needs_atomicity_review_and_semantic_qa","not_approved","not_started","not_started","Cambridge Economics 9708 2026-2028 v2 / §2.4.4"
"v1_2026_10_09","ECON-9708-2.5.1-BASE","2.5.1","AS","1","11","one_to_one_placeholder","Calculate/interpret consumer surplus on a demand-supply graph","unclassified","1028;1115","NONE_VERIFIED","needs_atomicity_review_and_semantic_qa","not_approved","not_started","not_started","Cambridge Economics 9708 2026-2028 v2 / §2.5.1"
"v1_2026_10_09","ECON-9708-2.5.2-BASE","2.5.2","AS","1","11","one_to_one_placeholder","Calculate/interpret producer surplus on a demand-supply graph","unclassified","1029;1133","NONE_VERIFIED","needs_atomicity_review_and_semantic_qa","not_approved","not_started","not_started","Cambridge Economics 9708 2026-2028 v2 / §2.5.2"
"v1_2026_10_09","ECON-9708-2.5.3-BASE","2.5.3","AS","1","11","one_to_one_placeholder","Explain why consumer and producer surplus change","unclassified","1121","NONE_VERIFIED","needs_atomicity_review_and_semantic_qa","not_approved","not_started","not_started","Cambridge Economics 9708 2026-2028 v2 / §2.5.3"
"v1_2026_10_09","ECON-9708-2.5.4-BASE","2.5.4","AS","1","11","one_to_one_placeholder","Reason how PED/PES affect the size of surplus changes","unclassified","","NONE_VERIFIED","needs_atomicity_review_and_semantic_qa","not_approved","not_started","not_started","Cambridge Economics 9708 2026-2028 v2 / §2.5.4"
"v1_2026_10_09","ECON-9708-3.1.1-BASE","3.1.1","AS","2","12","one_to_one_placeholder","Identify why private markets may not supply public goods","unclassified","2443","NONE_VERIFIED","needs_atomicity_review_and_semantic_qa","not_approved","not_started","not_started","Cambridge Economics 9708 2026-2028 v2 / §3.1.1"
"v1_2026_10_09","ECON-9708-3.1.2-BASE","3.1.2","AS","2","12","one_to_one_placeholder","Explain intervention where merit goods are under-consumed or demerit goods over-consumed","unclassified","2499;2507","NONE_VERIFIED","needs_atomicity_review_and_semantic_qa","not_approved","not_started","not_started","Cambridge Economics 9708 2026-2028 v2 / §3.1.2"
"v1_2026_10_09","ECON-9708-3.1.3-BASE","3.1.3","AS","2","12","one_to_one_placeholder","Explain reasons for controlling a market price","unclassified","2456;2480","NONE_VERIFIED","needs_atomicity_review_and_semantic_qa","not_approved","not_started","not_started","Cambridge Economics 9708 2026-2028 v2 / §3.1.3"
"v1_2026_10_09","ECON-9708-3.2.1-BASE","3.2.1","AS","2","13","one_to_one_placeholder","Analyse how indirect tax affects price, output and the tax burden","unclassified","2445;2535;4009","NONE_VERIFIED","needs_atomicity_review_and_semantic_qa","not_approved","not_started","not_started","Cambridge Economics 9708 2026-2028 v2 / §3.2.1"
"v1_2026_10_09","ECON-9708-3.2.2-BASE","3.2.2","AS","2","13","one_to_one_placeholder","Analyse the effects and beneficiaries of a subsidy","unclassified","","NONE_VERIFIED","needs_atomicity_review_and_semantic_qa","not_approved","not_started","not_started","Cambridge Economics 9708 2026-2028 v2 / §3.2.2"
"v1_2026_10_09","ECON-9708-3.2.3-BASE","3.2.3","AS","2","13","one_to_one_placeholder","Evaluate direct public-sector supply of goods and services","unclassified","","NONE_VERIFIED","needs_atomicity_review_and_semantic_qa","not_approved","not_started","not_started","Cambridge Economics 9708 2026-2028 v2 / §3.2.3"
"v1_2026_10_09","ECON-9708-3.2.4-BASE","3.2.4","AS","2","13","one_to_one_placeholder","Analyse market effects of price ceilings and price floors","unclassified","2456;2480","NONE_VERIFIED","needs_atomicity_review_and_semantic_qa","not_approved","not_started","not_started","Cambridge Economics 9708 2026-2028 v2 / §3.2.4"
"v1_2026_10_09","ECON-9708-3.2.5-BASE","3.2.5","AS","2","13","one_to_one_placeholder","Explain how buffer stocks stabilise prices","unclassified","","NONE_VERIFIED","needs_atomicity_review_and_semantic_qa","not_approved","not_started","not_started","Cambridge Economics 9708 2026-2028 v2 / §3.2.5"
"v1_2026_10_09","ECON-9708-3.2.6-BASE","3.2.6","AS","2","13","one_to_one_placeholder","Discuss provision of information as a corrective policy","unclassified","","NONE_VERIFIED","needs_atomicity_review_and_semantic_qa","not_approved","not_started","not_started","Cambridge Economics 9708 2026-2028 v2 / §3.2.6"
"v1_2026_10_09","ECON-9708-3.3.1-BASE","3.3.1","AS","2","14","one_to_one_placeholder","Distinguish an income flow from accumulated wealth","unclassified","","NONE_VERIFIED","needs_atomicity_review_and_semantic_qa","not_approved","not_started","not_started","Cambridge Economics 9708 2026-2028 v2 / §3.3.1"
"v1_2026_10_09","ECON-9708-3.3.2-BASE","3.3.2","AS","2","14","one_to_one_placeholder","Interpret Lorenz curves and Gini coefficients as inequality measures","unclassified","2518;2547","NONE_VERIFIED","needs_atomicity_review_and_semantic_qa","not_approved","not_started","not_started","Cambridge Economics 9708 2026-2028 v2 / §3.3.2"
"v1_2026_10_09","ECON-9708-3.3.3-BASE","3.3.3","AS","2","14","one_to_one_placeholder","Explain underlying reasons for income/wealth inequality","unclassified","","NONE_VERIFIED","needs_atomicity_review_and_semantic_qa","not_approved","not_started","not_started","Cambridge Economics 9708 2026-2028 v2 / §3.3.3"
"v1_2026_10_09","ECON-9708-3.3.4-BASE","3.3.4","AS","2","14","one_to_one_placeholder","Assess redistribution methods such as transfers and taxes","unclassified","2466","NONE_VERIFIED","needs_atomicity_review_and_semantic_qa","not_approved","not_started","not_started","Cambridge Economics 9708 2026-2028 v2 / §3.3.4"
"v1_2026_10_09","ECON-9708-4.1.1-BASE","4.1.1","AS","2","15","one_to_one_placeholder","Identify national income as a flow measure of production/income","unclassified","2457","NONE_VERIFIED","needs_atomicity_review_and_semantic_qa","not_approved","not_started","not_started","Cambridge Economics 9708 2026-2028 v2 / §4.1.1"
"v1_2026_10_09","ECON-9708-4.1.2-BASE","4.1.2","AS","2","15","one_to_one_placeholder","Distinguish GDP, GNI and NNI concepts","unclassified","2457;2534","NONE_VERIFIED","needs_atomicity_review_and_semantic_qa","not_approved","not_started","not_started","Cambridge Economics 9708 2026-2028 v2 / §4.1.2"
"v1_2026_10_09","ECON-9708-4.1.3-BASE","4.1.3","AS","2","15","one_to_one_placeholder","Convert market-price national income data to basic prices","unclassified","","NONE_VERIFIED","needs_atomicity_review_and_semantic_qa","not_approved","not_started","not_started","Cambridge Economics 9708 2026-2028 v2 / §4.1.3"
"v1_2026_10_09","ECON-9708-4.1.4-BASE","4.1.4","AS","2","15","one_to_one_placeholder","Convert gross national accounting measures into net measures","unclassified","","NONE_VERIFIED","needs_atomicity_review_and_semantic_qa","not_approved","not_started","not_started","Cambridge Economics 9708 2026-2028 v2 / §4.1.4"
"v1_2026_10_09","ECON-9708-4.2.1-BASE","4.2.1","AS","2","16","one_to_one_placeholder","Diagram circular income flow in closed and open economies","unclassified","2506","NONE_VERIFIED","needs_atomicity_review_and_semantic_qa","not_approved","not_started","not_started","Cambridge Economics 9708 2026-2028 v2 / §4.2.1"
"v1_2026_10_09","ECON-9708-4.2.2-BASE","4.2.2","AS","2","16","one_to_one_placeholder","Identify leakages/injections without a multiplier calculation","unclassified","2482;2496","NONE_VERIFIED","needs_atomicity_review_and_semantic_qa","not_approved","not_started","not_started","Cambridge Economics 9708 2026-2028 v2 / §4.2.2"
"v1_2026_10_09","ECON-9708-4.2.3-BASE","4.2.3","AS","2","16","one_to_one_placeholder","Predict equilibrium/disequilibrium from income flows","unclassified","2506","NONE_VERIFIED","needs_atomicity_review_and_semantic_qa","not_approved","not_started","not_started","Cambridge Economics 9708 2026-2028 v2 / §4.2.3"
"v1_2026_10_09","ECON-9708-4.3.1-BASE","4.3.1","AS","2","17","one_to_one_placeholder","Define aggregate demand","unclassified","2447","NONE_VERIFIED","needs_atomicity_review_and_semantic_qa","not_approved","not_started","not_started","Cambridge Economics 9708 2026-2028 v2 / §4.3.1"
"v1_2026_10_09","ECON-9708-4.3.2-BASE","4.3.2","AS","2","17","one_to_one_placeholder","Compose aggregate demand using C, I, G, X and M","unclassified","2447;2469;2494","NONE_VERIFIED","needs_atomicity_review_and_semantic_qa","not_approved","not_started","not_started","Cambridge Economics 9708 2026-2028 v2 / §4.3.2"
"v1_2026_10_09","ECON-9708-4.3.3-BASE","4.3.3","AS","2","17","one_to_one_placeholder","Reason how economic conditions affect aggregate demand","unclassified","2502;2508","NONE_VERIFIED","needs_atomicity_review_and_semantic_qa","not_approved","not_started","not_started","Cambridge Economics 9708 2026-2028 v2 / §4.3.3"
"v1_2026_10_09","ECON-9708-4.3.4-BASE","4.3.4","AS","2","17","one_to_one_placeholder","Interpret why an aggregate-demand curve slopes down","unclassified","","NONE_VERIFIED","needs_atomicity_review_and_semantic_qa","not_approved","not_started","not_started","Cambridge Economics 9708 2026-2028 v2 / §4.3.4"
"v1_2026_10_09","ECON-9708-4.3.5-BASE","4.3.5","AS","2","17","one_to_one_placeholder","Model aggregate-demand shifts using appropriate diagrams","unclassified","2487","NONE_VERIFIED","needs_atomicity_review_and_semantic_qa","not_approved","not_started","not_started","Cambridge Economics 9708 2026-2028 v2 / §4.3.5"
"v1_2026_10_09","ECON-9708-4.3.6-BASE","4.3.6","AS","2","17","one_to_one_placeholder","Define aggregate supply in macroeconomic analysis","unclassified","2481","NONE_VERIFIED","needs_atomicity_review_and_semantic_qa","not_approved","not_started","not_started","Cambridge Economics 9708 2026-2028 v2 / §4.3.6"
"v1_2026_10_09","ECON-9708-4.3.7-BASE","4.3.7","AS","2","17","one_to_one_placeholder","Explain factors determining aggregate supply","unclassified","2488","NONE_VERIFIED","needs_atomicity_review_and_semantic_qa","not_approved","not_started","not_started","Cambridge Economics 9708 2026-2028 v2 / §4.3.7"
"v1_2026_10_09","ECON-9708-4.3.8-BASE","4.3.8","AS","2","17","one_to_one_placeholder","Compare appropriate SRAS and LRAS shapes","unclassified","2516","NONE_VERIFIED","needs_atomicity_review_and_semantic_qa","not_approved","not_started","not_started","Cambridge Economics 9708 2026-2028 v2 / §4.3.8"
"v1_2026_10_09","ECON-9708-4.3.9-BASE","4.3.9","AS","2","17","one_to_one_placeholder","Explain shifts in short-run and long-run aggregate supply","unclassified","2462;2488","NONE_VERIFIED","needs_atomicity_review_and_semantic_qa","not_approved","not_started","not_started","Cambridge Economics 9708 2026-2028 v2 / §4.3.9"
"v1_2026_10_09","ECON-9708-4.3.10-BASE","4.3.10","AS","2","17","one_to_one_placeholder","Distinguish changes along curves from shifts in AD and AS","unclassified","","NONE_VERIFIED","needs_atomicity_review_and_semantic_qa","not_approved","not_started","not_started","Cambridge Economics 9708 2026-2028 v2 / §4.3.10"
"v1_2026_10_09","ECON-9708-4.3.11-BASE","4.3.11","AS","2","17","one_to_one_placeholder","Locate equilibrium output, prices and employment from AD/AS","unclassified","","NONE_VERIFIED","needs_atomicity_review_and_semantic_qa","not_approved","not_started","not_started","Cambridge Economics 9708 2026-2028 v2 / §4.3.11"
"v1_2026_10_09","ECON-9708-4.3.12-BASE","4.3.12","AS","2","17","one_to_one_placeholder","Trace AD/AS curve shifts to effects on output, employment and prices","unclassified","2487;2488","NONE_VERIFIED","needs_atomicity_review_and_semantic_qa","not_approved","not_started","not_started","Cambridge Economics 9708 2026-2028 v2 / §4.3.12"
"v1_2026_10_09","ECON-9708-4.4.1-BASE","4.4.1","AS","2","18","one_to_one_placeholder","Define growth in real economic output","unclassified","2489","NONE_VERIFIED","needs_atomicity_review_and_semantic_qa","not_approved","not_started","not_started","Cambridge Economics 9708 2026-2028 v2 / §4.4.1"
"v1_2026_10_09","ECON-9708-4.4.2-BASE","4.4.2","AS","2","18","one_to_one_placeholder","Measure economic growth with suitable GDP comparisons","unclassified","2457;2468","NONE_VERIFIED","needs_atomicity_review_and_semantic_qa","not_approved","not_started","not_started","Cambridge Economics 9708 2026-2028 v2 / §4.4.2"
"v1_2026_10_09","ECON-9708-4.4.3-BASE","4.4.3","AS","2","18","one_to_one_placeholder","Distinguish real from nominal GDP growth","unclassified","2468","NONE_VERIFIED","needs_atomicity_review_and_semantic_qa","not_approved","not_started","not_started","Cambridge Economics 9708 2026-2028 v2 / §4.4.3"
"v1_2026_10_09","ECON-9708-4.4.4-BASE","4.4.4","AS","2","18","one_to_one_placeholder","Explain causes of economic growth","unclassified","2489","NONE_VERIFIED","needs_atomicity_review_and_semantic_qa","not_approved","not_started","not_started","Cambridge Economics 9708 2026-2028 v2 / §4.4.4"
"v1_2026_10_09","ECON-9708-4.4.5-BASE","4.4.5","AS","2","18","one_to_one_placeholder","Evaluate beneficial and adverse effects of growth","unclassified","2509","NONE_VERIFIED","needs_atomicity_review_and_semantic_qa","not_approved","not_started","not_started","Cambridge Economics 9708 2026-2028 v2 / §4.4.5"
"v1_2026_10_09","ECON-9708-4.5.1-BASE","4.5.1","AS","2","19","one_to_one_placeholder","Define unemployment and labour force","unclassified","2478","NONE_VERIFIED","needs_atomicity_review_and_semantic_qa","not_approved","not_started","not_started","Cambridge Economics 9708 2026-2028 v2 / §4.5.1"
"v1_2026_10_09","ECON-9708-4.5.2-BASE","4.5.2","AS","2","19","one_to_one_placeholder","Calculate/interpret unemployment data and measurement limits","unclassified","2478","NONE_VERIFIED","needs_atomicity_review_and_semantic_qa","not_approved","not_started","not_started","Cambridge Economics 9708 2026-2028 v2 / §4.5.2"
"v1_2026_10_09","ECON-9708-4.5.3-BASE","4.5.3","AS","2","19","one_to_one_placeholder","Classify and explain frictional, structural, cyclical, seasonal and technological unemployment","unclassified","2454;2472;2473;2474","NONE_VERIFIED","needs_atomicity_review_and_semantic_qa","not_approved","not_started","not_started","Cambridge Economics 9708 2026-2028 v2 / §4.5.3"
"v1_2026_10_09","ECON-9708-4.5.4-BASE","4.5.4","AS","2","19","one_to_one_placeholder","Assess economic and social consequences of unemployment","unclassified","2510","NONE_VERIFIED","needs_atomicity_review_and_semantic_qa","not_approved","not_started","not_started","Cambridge Economics 9708 2026-2028 v2 / §4.5.4"
"v1_2026_10_09","ECON-9708-4.6.1-BASE","4.6.1","AS","2","20","one_to_one_placeholder","Distinguish inflation, deflation and disinflation","unclassified","2476;2477","NONE_VERIFIED","needs_atomicity_review_and_semantic_qa","not_approved","not_started","not_started","Cambridge Economics 9708 2026-2028 v2 / §4.6.1"
"v1_2026_10_09","ECON-9708-4.6.2-BASE","4.6.2","AS","2","20","one_to_one_placeholder","Use CPI data and explain challenges of measuring price change","unclassified","2475;2539","NONE_VERIFIED","needs_atomicity_review_and_semantic_qa","not_approved","not_started","not_started","Cambridge Economics 9708 2026-2028 v2 / §4.6.2"
"v1_2026_10_09","ECON-9708-4.6.3-BASE","4.6.3","AS","2","20","one_to_one_placeholder","Distinguish inflation-adjusted real magnitudes from nominal data","unclassified","2468","NONE_VERIFIED","needs_atomicity_review_and_semantic_qa","not_approved","not_started","not_started","Cambridge Economics 9708 2026-2028 v2 / §4.6.3"
"v1_2026_10_09","ECON-9708-4.6.4-BASE","4.6.4","AS","2","20","one_to_one_placeholder","Compare demand-pull inflation with cost-push inflation","unclassified","2501","NONE_VERIFIED","needs_atomicity_review_and_semantic_qa","not_approved","not_started","not_started","Cambridge Economics 9708 2026-2028 v2 / §4.6.4"
"v1_2026_10_09","ECON-9708-4.6.5-BASE","4.6.5","AS","2","20","one_to_one_placeholder","Assess impacts of inflation on savers, borrowers and others","unclassified","2491;2511","NONE_VERIFIED","needs_atomicity_review_and_semantic_qa","not_approved","not_started","not_started","Cambridge Economics 9708 2026-2028 v2 / §4.6.5"
"v1_2026_10_09","ECON-9708-5.1.1-BASE","5.1.1","AS","3","21","one_to_one_placeholder","Identify the AS macroeconomic targets: price stability, low unemployment and growth","unclassified","2668;3163;3168;3235;3236","NONE_VERIFIED","needs_atomicity_review_and_semantic_qa","not_approved","not_started","not_started","Cambridge Economics 9708 2026-2028 v2 / §5.1.1"
"v1_2026_10_09","ECON-9708-5.2.1-BASE","5.2.1","AS","3","22","one_to_one_placeholder","Explain what a government budget records","unclassified","3169","NONE_VERIFIED","needs_atomicity_review_and_semantic_qa","not_approved","not_started","not_started","Cambridge Economics 9708 2026-2028 v2 / §5.2.1"
"v1_2026_10_09","ECON-9708-5.2.2-BASE","5.2.2","AS","3","22","one_to_one_placeholder","Distinguish budget deficits and surpluses","unclassified","2671","NONE_VERIFIED","needs_atomicity_review_and_semantic_qa","not_approved","not_started","not_started","Cambridge Economics 9708 2026-2028 v2 / §5.2.2"
"v1_2026_10_09","ECON-9708-5.2.3-BASE","5.2.3","AS","3","22","one_to_one_placeholder","Explain the meaning and economic significance of public debt","unclassified","","NONE_VERIFIED","needs_atomicity_review_and_semantic_qa","not_approved","not_started","not_started","Cambridge Economics 9708 2026-2028 v2 / §5.2.3"
"v1_2026_10_09","ECON-9708-5.2.4-BASE","5.2.4","AS","3","22","one_to_one_placeholder","Classify taxation and distinguish marginal versus average tax rates","unclassified","2656;3243","NONE_VERIFIED","needs_atomicity_review_and_semantic_qa","not_approved","not_started","not_started","Cambridge Economics 9708 2026-2028 v2 / §5.2.4"
"v1_2026_10_09","ECON-9708-5.2.5-BASE","5.2.5","AS","3","22","one_to_one_placeholder","Compare current and capital expenditure and motives for spending","unclassified","3169","NONE_VERIFIED","needs_atomicity_review_and_semantic_qa","not_approved","not_started","not_started","Cambridge Economics 9708 2026-2028 v2 / §5.2.5"
"v1_2026_10_09","ECON-9708-5.2.6-BASE","5.2.6","AS","3","22","one_to_one_placeholder","Distinguish fiscal expansion from fiscal contraction","unclassified","2561;3198;3243","NONE_VERIFIED","needs_atomicity_review_and_semantic_qa","not_approved","not_started","not_started","Cambridge Economics 9708 2026-2028 v2 / §5.2.6"
"v1_2026_10_09","ECON-9708-5.2.7-BASE","5.2.7","AS","3","22","one_to_one_placeholder","Model effects of fiscal policy on output, inflation and employment using AD/AS","unclassified","2656;3204","NONE_VERIFIED","needs_atomicity_review_and_semantic_qa","not_approved","not_started","not_started","Cambridge Economics 9708 2026-2028 v2 / §5.2.7"
"v1_2026_10_09","ECON-9708-5.3.1-BASE","5.3.1","AS","3","23","one_to_one_placeholder","Describe the aims and institutional role of monetary policy","unclassified","2667","NONE_VERIFIED","needs_atomicity_review_and_semantic_qa","not_approved","not_started","not_started","Cambridge Economics 9708 2026-2028 v2 / §5.3.1"
"v1_2026_10_09","ECON-9708-5.3.2-BASE","5.3.2","AS","3","23","one_to_one_placeholder","Explain monetary instruments, including rates, money supply and credit restrictions","unclassified","2564;2672;3171","NONE_VERIFIED","needs_atomicity_review_and_semantic_qa","not_approved","not_started","not_started","Cambridge Economics 9708 2026-2028 v2 / §5.3.2"
"v1_2026_10_09","ECON-9708-5.3.3-BASE","5.3.3","AS","3","23","one_to_one_placeholder","Distinguish loose and restrictive monetary policy","unclassified","2564;3171;3208","NONE_VERIFIED","needs_atomicity_review_and_semantic_qa","not_approved","not_started","not_started","Cambridge Economics 9708 2026-2028 v2 / §5.3.3"
"v1_2026_10_09","ECON-9708-5.3.4-BASE","5.3.4","AS","3","23","one_to_one_placeholder","Trace monetary measures through AD/AS to employment, output and prices","unclassified","2564;2672;3171;3208;3244","NONE_VERIFIED","needs_atomicity_review_and_semantic_qa","not_approved","not_started","not_started","Cambridge Economics 9708 2026-2028 v2 / §5.3.4"
"v1_2026_10_09","ECON-9708-5.4.1-BASE","5.4.1","AS","3","24","one_to_one_placeholder","Explain how supply-side policies affect long-run aggregate supply","unclassified","2552;2553","NONE_VERIFIED","needs_atomicity_review_and_semantic_qa","not_approved","not_started","not_started","Cambridge Economics 9708 2026-2028 v2 / §5.4.1"
"v1_2026_10_09","ECON-9708-5.4.2-BASE","5.4.2","AS","3","24","one_to_one_placeholder","Link productivity growth with the economy's productive capacity","unclassified","3170;3240","NONE_VERIFIED","needs_atomicity_review_and_semantic_qa","not_approved","not_started","not_started","Cambridge Economics 9708 2026-2028 v2 / §5.4.2"
"v1_2026_10_09","ECON-9708-5.4.3-BASE","5.4.3","AS","3","24","one_to_one_placeholder","Compare training, infrastructure and innovation as supply-side policy tools","unclassified","2655;2670;3196","NONE_VERIFIED","needs_atomicity_review_and_semantic_qa","not_approved","not_started","not_started","Cambridge Economics 9708 2026-2028 v2 / §5.4.3"
"v1_2026_10_09","ECON-9708-5.4.4-BASE","5.4.4","AS","3","24","one_to_one_placeholder","Analyse supply-side impacts with AD/AS on real activity and prices","unclassified","2553;3174","NONE_VERIFIED","needs_atomicity_review_and_semantic_qa","not_approved","not_started","not_started","Cambridge Economics 9708 2026-2028 v2 / §5.4.4"
"v1_2026_10_09","ECON-9708-6.1.1-BASE","6.1.1","AS","3","25","one_to_one_placeholder","Distinguish absolute advantage from comparative advantage","unclassified","2666;3194","NONE_VERIFIED","needs_atomicity_review_and_semantic_qa","not_approved","not_started","not_started","Cambridge Economics 9708 2026-2028 v2 / §6.1.1"
"v1_2026_10_09","ECON-9708-6.1.2-BASE","6.1.2","AS","3","25","one_to_one_placeholder","Explain gains from specialisation and trade, including trading possibilities","unclassified","2653;2657;3172;3197;3239","NONE_VERIFIED","needs_atomicity_review_and_semantic_qa","not_approved","not_started","not_started","Cambridge Economics 9708 2026-2028 v2 / §6.1.2"
"v1_2026_10_09","ECON-9708-6.1.3-BASE","6.1.3","AS","3","25","one_to_one_placeholder","Measure and explain changes in terms of trade and consequences","unclassified","","NONE_VERIFIED","needs_atomicity_review_and_semantic_qa","not_approved","not_started","not_started","Cambridge Economics 9708 2026-2028 v2 / §6.1.3"
"v1_2026_10_09","ECON-9708-6.1.4-BASE","6.1.4","AS","3","25","one_to_one_placeholder","Critique simplifying assumptions of absolute/comparative advantage models","unclassified","3194","NONE_VERIFIED","needs_atomicity_review_and_semantic_qa","not_approved","not_started","not_started","Cambridge Economics 9708 2026-2028 v2 / §6.1.4"
"v1_2026_10_09","ECON-9708-6.2.1-BASE","6.2.1","AS","3","26","one_to_one_placeholder","Define protectionism and identify its purpose","unclassified","2641","NONE_VERIFIED","needs_atomicity_review_and_semantic_qa","not_approved","not_started","not_started","Cambridge Economics 9708 2026-2028 v2 / §6.2.1"
"v1_2026_10_09","ECON-9708-6.2.2-BASE","6.2.2","AS","3","26","one_to_one_placeholder","Compare tariffs, import quotas and other trade barriers","unclassified","2659;3160;3207;3237","NONE_VERIFIED","needs_atomicity_review_and_semantic_qa","not_approved","not_started","not_started","Cambridge Economics 9708 2026-2028 v2 / §6.2.2"
"v1_2026_10_09","ECON-9708-6.2.3-BASE","6.2.3","AS","3","26","one_to_one_placeholder","Assess arguments supporting and opposing protection","unclassified","2646;2658;2641","NONE_VERIFIED","needs_atomicity_review_and_semantic_qa","not_approved","not_started","not_started","Cambridge Economics 9708 2026-2028 v2 / §6.2.3"
"v1_2026_10_09","ECON-9708-6.3.1-BASE","6.3.1","AS","3","27","one_to_one_placeholder","Classify goods, services, primary and secondary income in the current account","unclassified","2638;2661;3201;3241","NONE_VERIFIED","needs_atomicity_review_and_semantic_qa","not_approved","not_started","not_started","Cambridge Economics 9708 2026-2028 v2 / §6.3.1"
"v1_2026_10_09","ECON-9708-6.3.2-BASE","6.3.2","AS","3","27","one_to_one_placeholder","Calculate trade and current-account balances from provided components","unclassified","","NONE_VERIFIED","needs_atomicity_review_and_semantic_qa","not_approved","not_started","not_started","Cambridge Economics 9708 2026-2028 v2 / §6.3.2"
"v1_2026_10_09","ECON-9708-6.3.3-BASE","6.3.3","AS","3","27","one_to_one_placeholder","Identify domestic and foreign causes of CA imbalance","unclassified","2652;2654;3158","NONE_VERIFIED","needs_atomicity_review_and_semantic_qa","not_approved","not_started","not_started","Cambridge Economics 9708 2026-2028 v2 / §6.3.3"
"v1_2026_10_09","ECON-9708-6.3.4-BASE","6.3.4","AS","3","27","one_to_one_placeholder","Assess effects of CA imbalances on the domestic and external economy","unclassified","","NONE_VERIFIED","needs_atomicity_review_and_semantic_qa","not_approved","not_started","not_started","Cambridge Economics 9708 2026-2028 v2 / §6.3.4"
"v1_2026_10_09","ECON-9708-6.4.1-BASE","6.4.1","AS","3","28","one_to_one_placeholder","Define exchange rates with correct currency units","unclassified","2636","NONE_VERIFIED","needs_atomicity_review_and_semantic_qa","not_approved","not_started","not_started","Cambridge Economics 9708 2026-2028 v2 / §6.4.1"
"v1_2026_10_09","ECON-9708-6.4.2-BASE","6.4.2","AS","3","28","one_to_one_placeholder","Show floating exchange rate determined by currency supply and demand","unclassified","2644;3175","NONE_VERIFIED","needs_atomicity_review_and_semantic_qa","not_approved","not_started","not_started","Cambridge Economics 9708 2026-2028 v2 / §6.4.2"
"v1_2026_10_09","ECON-9708-6.4.3-BASE","6.4.3","AS","3","28","one_to_one_placeholder","Differentiate depreciation from appreciation and trace price effects","unclassified","2636;3238","NONE_VERIFIED","needs_atomicity_review_and_semantic_qa","not_approved","not_started","not_started","Cambridge Economics 9708 2026-2028 v2 / §6.4.3"
"v1_2026_10_09","ECON-9708-6.4.4-BASE","6.4.4","AS","3","28","one_to_one_placeholder","Explain shifts in currency demand and supply","unclassified","2645;2660;3209","NONE_VERIFIED","needs_atomicity_review_and_semantic_qa","not_approved","not_started","not_started","Cambridge Economics 9708 2026-2028 v2 / §6.4.4"
"v1_2026_10_09","ECON-9708-6.4.5-BASE","6.4.5","AS","3","28","one_to_one_placeholder","Use AD/AS to explain effects of exchange changes on domestic macroeconomy","unclassified","","NONE_VERIFIED","needs_atomicity_review_and_semantic_qa","not_approved","not_started","not_started","Cambridge Economics 9708 2026-2028 v2 / §6.4.5"
"v1_2026_10_09","ECON-9708-6.5.1-BASE","6.5.1","AS","3","29","one_to_one_placeholder","Explain CA stability as a government external-sector objective","unclassified","2557","NONE_VERIFIED","needs_atomicity_review_and_semantic_qa","not_approved","not_started","not_started","Cambridge Economics 9708 2026-2028 v2 / §6.5.1"
"v1_2026_10_09","ECON-9708-6.5.2-BASE","6.5.2","AS","3","29","one_to_one_placeholder","Evaluate fiscal, monetary, supply-side and protectionist corrections of CA imbalance","unclassified","2650;2651;2663;3159;3173;3200;3242;4021","NONE_VERIFIED","needs_atomicity_review_and_semantic_qa","not_approved","not_started","not_started","Cambridge Economics 9708 2026-2028 v2 / §6.5.2"
"v1_2026_10_09","ECON-9708-7.1.1-BASE","7.1.1","A_LEVEL_ADDITION","4","30","one_to_one_placeholder","Compute and interpret total utility and marginal utility","unclassified","3941","NONE_VERIFIED","needs_atomicity_review_and_semantic_qa","not_approved","not_started","not_started","Cambridge Economics 9708 2026-2028 v2 / §7.1.1"
"v1_2026_10_09","ECON-9708-7.1.2-BASE","7.1.2","A_LEVEL_ADDITION","4","30","one_to_one_placeholder","Explain why marginal utility typically falls as consumption increases","unclassified","3939;3940","NONE_VERIFIED","needs_atomicity_review_and_semantic_qa","not_approved","not_started","not_started","Cambridge Economics 9708 2026-2028 v2 / §7.1.2"
"v1_2026_10_09","ECON-9708-7.1.3-BASE","7.1.3","A_LEVEL_ADDITION","4","30","one_to_one_placeholder","Apply the equi-marginal allocation rule to purchases","unclassified","3943","NONE_VERIFIED","needs_atomicity_review_and_semantic_qa","not_approved","not_started","not_started","Cambridge Economics 9708 2026-2028 v2 / §7.1.3"
"v1_2026_10_09","ECON-9708-7.1.4-BASE","7.1.4","A_LEVEL_ADDITION","4","30","one_to_one_placeholder","Derive the downward-sloping individual demand schedule from marginal utility","unclassified","","NONE_VERIFIED","needs_atomicity_review_and_semantic_qa","not_approved","not_started","not_started","Cambridge Economics 9708 2026-2028 v2 / §7.1.4"
"v1_2026_10_09","ECON-9708-7.1.5-BASE","7.1.5","A_LEVEL_ADDITION","4","30","one_to_one_placeholder","Evaluate the rational-consumer assumptions and limitations of utility analysis","unclassified","3942","NONE_VERIFIED","needs_atomicity_review_and_semantic_qa","not_approved","not_started","not_started","Cambridge Economics 9708 2026-2028 v2 / §7.1.5"
"v1_2026_10_09","ECON-9708-7.2.1-BASE","7.2.1","A_LEVEL_ADDITION","4","31","one_to_one_placeholder","Read and interpret indifference maps and budget lines","unclassified","3920;3922;3944;3945","NONE_VERIFIED","needs_atomicity_review_and_semantic_qa","not_approved","not_started","not_started","Cambridge Economics 9708 2026-2028 v2 / §7.2.1"
"v1_2026_10_09","ECON-9708-7.2.2-BASE","7.2.2","A_LEVEL_ADDITION","4","31","one_to_one_placeholder","Explain and draw changes in a budget line from income or price changes","unclassified","3946;3947;3949","NONE_VERIFIED","needs_atomicity_review_and_semantic_qa","not_approved","not_started","not_started","Cambridge Economics 9708 2026-2028 v2 / §7.2.2"
"v1_2026_10_09","ECON-9708-7.2.3-BASE","7.2.3","A_LEVEL_ADDITION","4","31","one_to_one_placeholder","Separate income, substitution and overall price effects for normal, inferior and Giffen goods","unclassified","","NONE_VERIFIED","needs_atomicity_review_and_semantic_qa","not_approved","not_started","not_started","Cambridge Economics 9708 2026-2028 v2 / §7.2.3"
"v1_2026_10_09","ECON-9708-7.2.4-BASE","7.2.4","A_LEVEL_ADDITION","4","31","one_to_one_placeholder","Evaluate assumptions of indifference-curve analysis","unclassified","3950;3951","NONE_VERIFIED","needs_atomicity_review_and_semantic_qa","not_approved","not_started","not_started","Cambridge Economics 9708 2026-2028 v2 / §7.2.4"
"v1_2026_10_09","ECON-9708-7.3.1-BASE","7.3.1","A_LEVEL_ADDITION","4","32","one_to_one_placeholder","Distinguish productive from allocative efficiency","unclassified","3952;3953;3954","NONE_VERIFIED","needs_atomicity_review_and_semantic_qa","not_approved","not_started","not_started","Cambridge Economics 9708 2026-2028 v2 / §7.3.1"
"v1_2026_10_09","ECON-9708-7.3.2-BASE","7.3.2","A_LEVEL_ADDITION","4","32","one_to_one_placeholder","State and apply productive- and allocative-efficiency conditions","unclassified","3952;3953","NONE_VERIFIED","needs_atomicity_review_and_semantic_qa","not_approved","not_started","not_started","Cambridge Economics 9708 2026-2028 v2 / §7.3.2"
"v1_2026_10_09","ECON-9708-7.3.3-BASE","7.3.3","A_LEVEL_ADDITION","4","32","one_to_one_placeholder","Test whether a reallocation represents a Pareto improvement","unclassified","","NONE_VERIFIED","needs_atomicity_review_and_semantic_qa","not_approved","not_started","not_started","Cambridge Economics 9708 2026-2028 v2 / §7.3.3"
"v1_2026_10_09","ECON-9708-7.3.4-BASE","7.3.4","A_LEVEL_ADDITION","4","32","one_to_one_placeholder","Explain dynamic efficiency through investment and innovation","unclassified","3959","NONE_VERIFIED","needs_atomicity_review_and_semantic_qa","not_approved","not_started","not_started","Cambridge Economics 9708 2026-2028 v2 / §7.3.4"
"v1_2026_10_09","ECON-9708-7.3.5-BASE","7.3.5","A_LEVEL_ADDITION","4","32","one_to_one_placeholder","Identify outcomes characterised as market failure","unclassified","3912;3958","NONE_VERIFIED","needs_atomicity_review_and_semantic_qa","not_approved","not_started","not_started","Cambridge Economics 9708 2026-2028 v2 / §7.3.5"
"v1_2026_10_09","ECON-9708-7.3.6-BASE","7.3.6","A_LEVEL_ADDITION","4","32","one_to_one_placeholder","Diagnose sources of market failure including information problems and goods characteristics","unclassified","3955;3956;3957;3958","NONE_VERIFIED","needs_atomicity_review_and_semantic_qa","not_approved","not_started","not_started","Cambridge Economics 9708 2026-2028 v2 / §7.3.6"
"v1_2026_10_09","ECON-9708-7.4.1-BASE","7.4.1","A_LEVEL_ADDITION","4","33","one_to_one_placeholder","Calculate social and marginal social costs using private and external components","unclassified","3960;3963","NONE_VERIFIED","needs_atomicity_review_and_semantic_qa","not_approved","not_started","not_started","Cambridge Economics 9708 2026-2028 v2 / §7.4.1"
"v1_2026_10_09","ECON-9708-7.4.2-BASE","7.4.2","A_LEVEL_ADDITION","4","33","one_to_one_placeholder","Calculate social and marginal social benefits using private and external components","unclassified","3964","NONE_VERIFIED","needs_atomicity_review_and_semantic_qa","not_approved","not_started","not_started","Cambridge Economics 9708 2026-2028 v2 / §7.4.2"
"v1_2026_10_09","ECON-9708-7.4.3-BASE","7.4.3","A_LEVEL_ADDITION","4","33","one_to_one_placeholder","Identify positive and negative external effects","unclassified","3961;3962","NONE_VERIFIED","needs_atomicity_review_and_semantic_qa","not_approved","not_started","not_started","Cambridge Economics 9708 2026-2028 v2 / §7.4.3"
"v1_2026_10_09","ECON-9708-7.4.4-BASE","7.4.4","A_LEVEL_ADDITION","4","33","one_to_one_placeholder","Compare consumption and production externalities on correctly labelled diagrams","unclassified","3961;3962","NONE_VERIFIED","needs_atomicity_review_and_semantic_qa","not_approved","not_started","not_started","Cambridge Economics 9708 2026-2028 v2 / §7.4.4"
"v1_2026_10_09","ECON-9708-7.4.5-BASE","7.4.5","A_LEVEL_ADDITION","4","33","one_to_one_placeholder","Calculate or illustrate welfare loss from market outcomes with externalities","unclassified","3967","NONE_VERIFIED","needs_atomicity_review_and_semantic_qa","not_approved","not_started","not_started","Cambridge Economics 9708 2026-2028 v2 / §7.4.5"
"v1_2026_10_09","ECON-9708-7.4.6-BASE","7.4.6","A_LEVEL_ADDITION","4","33","one_to_one_placeholder","Explain how information asymmetry and moral hazard alter incentives","unclassified","","NONE_VERIFIED","needs_atomicity_review_and_semantic_qa","not_approved","not_started","not_started","Cambridge Economics 9708 2026-2028 v2 / §7.4.6"
"v1_2026_10_09","ECON-9708-7.4.7-BASE","7.4.7","A_LEVEL_ADDITION","4","33","one_to_one_placeholder","Compare policy options through original cost-benefit reasoning, without requiring NPV","unclassified","","NONE_VERIFIED","needs_atomicity_review_and_semantic_qa","not_approved","not_started","not_started","Cambridge Economics 9708 2026-2028 v2 / §7.4.7"
"v1_2026_10_09","ECON-9708-7.5.1-BASE","7.5.1","A_LEVEL_ADDITION","4","34","one_to_one_placeholder","Calculate total, average and marginal product and explain diminishing marginal returns","unclassified","","NONE_VERIFIED","needs_atomicity_review_and_semantic_qa","not_approved","not_started","not_started","Cambridge Economics 9708 2026-2028 v2 / §7.5.1"
"v1_2026_10_09","ECON-9708-7.5.2-BASE","7.5.2","A_LEVEL_ADDITION","4","34","one_to_one_placeholder","Calculate short-run fixed, variable, average and marginal costs and relate curve shapes","unclassified","3968;3969;3970","NONE_VERIFIED","needs_atomicity_review_and_semantic_qa","not_approved","not_started","not_started","Cambridge Economics 9708 2026-2028 v2 / §7.5.2"
"v1_2026_10_09","ECON-9708-7.5.3-BASE","7.5.3","A_LEVEL_ADDITION","4","34","one_to_one_placeholder","Explain variable inputs and returns to scale in the long run","unclassified","3974","NONE_VERIFIED","needs_atomicity_review_and_semantic_qa","not_approved","not_started","not_started","Cambridge Economics 9708 2026-2028 v2 / §7.5.3"
"v1_2026_10_09","ECON-9708-7.5.4-BASE","7.5.4","A_LEVEL_ADDITION","4","34","one_to_one_placeholder","Interpret long-run average cost and minimum efficient scale","unclassified","3977","NONE_VERIFIED","needs_atomicity_review_and_semantic_qa","not_approved","not_started","not_started","Cambridge Economics 9708 2026-2028 v2 / §7.5.4"
"v1_2026_10_09","ECON-9708-7.5.5-BASE","7.5.5","A_LEVEL_ADDITION","4","34","one_to_one_placeholder","Explain why internal or external scale advantages reduce average costs","unclassified","3975","NONE_VERIFIED","needs_atomicity_review_and_semantic_qa","not_approved","not_started","not_started","Cambridge Economics 9708 2026-2028 v2 / §7.5.5"
"v1_2026_10_09","ECON-9708-7.5.6-BASE","7.5.6","A_LEVEL_ADDITION","4","34","one_to_one_placeholder","Distinguish internal and external sources of economies of scale","unclassified","3975","NONE_VERIFIED","needs_atomicity_review_and_semantic_qa","not_approved","not_started","not_started","Cambridge Economics 9708 2026-2028 v2 / §7.5.6"
"v1_2026_10_09","ECON-9708-7.5.7-BASE","7.5.7","A_LEVEL_ADDITION","4","34","one_to_one_placeholder","Distinguish internal and external diseconomies of scale","unclassified","","NONE_VERIFIED","needs_atomicity_review_and_semantic_qa","not_approved","not_started","not_started","Cambridge Economics 9708 2026-2028 v2 / §7.5.7"
"v1_2026_10_09","ECON-9708-7.5.8-BASE","7.5.8","A_LEVEL_ADDITION","4","34","one_to_one_placeholder","Calculate total, average and marginal revenue and link to output choice","unclassified","","NONE_VERIFIED","needs_atomicity_review_and_semantic_qa","not_approved","not_started","not_started","Cambridge Economics 9708 2026-2028 v2 / §7.5.8"
"v1_2026_10_09","ECON-9708-7.5.9-BASE","7.5.9","A_LEVEL_ADDITION","4","34","one_to_one_placeholder","Distinguish normal, subnormal and supernormal profit","unclassified","3972;3973","NONE_VERIFIED","needs_atomicity_review_and_semantic_qa","not_approved","not_started","not_started","Cambridge Economics 9708 2026-2028 v2 / §7.5.9"
"v1_2026_10_09","ECON-9708-7.5.10-BASE","7.5.10","A_LEVEL_ADDITION","4","34","one_to_one_placeholder","Calculate supernormal or subnormal profit from cost and revenue evidence","unclassified","3972;3973","NONE_VERIFIED","needs_atomicity_review_and_semantic_qa","not_approved","not_started","not_started","Cambridge Economics 9708 2026-2028 v2 / §7.5.10"
"v1_2026_10_09","ECON-9708-7.6.1-BASE","7.6.1","A_LEVEL_ADDITION","4","35","one_to_one_placeholder","Identify structural features of perfect competition, monopoly, monopolistic competition and oligopoly","unclassified","3978;3979;3984;4115","NONE_VERIFIED","needs_atomicity_review_and_semantic_qa","not_approved","not_started","not_started","Cambridge Economics 9708 2026-2028 v2 / §7.6.1"
"v1_2026_10_09","ECON-9708-7.6.2-BASE","7.6.2","A_LEVEL_ADDITION","4","35","one_to_one_placeholder","Compare market structures using concentration, differentiation, entry freedom and information","unclassified","3978;3979;3980","NONE_VERIFIED","needs_atomicity_review_and_semantic_qa","not_approved","not_started","not_started","Cambridge Economics 9708 2026-2028 v2 / §7.6.2"
"v1_2026_10_09","ECON-9708-7.6.3-BASE","7.6.3","A_LEVEL_ADDITION","4","35","one_to_one_placeholder","Classify and analyse legal, cost, market and physical barriers to entry","unclassified","3980;3982","NONE_VERIFIED","needs_atomicity_review_and_semantic_qa","not_approved","not_started","not_started","Cambridge Economics 9708 2026-2028 v2 / §7.6.3"
"v1_2026_10_09","ECON-9708-7.6.4-01","7.6.4","A_LEVEL_ADDITION","4","35","split_prototype","Compare revenue curves by structure","diagram","3981;3982;4114","NONE_VERIFIED","needs_scope_and_atomicity_review","not_approved","not_started","not_started","Cambridge Economics 9708 2026-2028 v2 / §7.6.4"
"v1_2026_10_09","ECON-9708-7.6.4-02","7.6.4","A_LEVEL_ADDITION","4","35","split_prototype","Model short-run equilibrium and profit","diagram","3981;3982;4114","NONE_VERIFIED","needs_scope_and_atomicity_review","not_approved","not_started","not_started","Cambridge Economics 9708 2026-2028 v2 / §7.6.4"
"v1_2026_10_09","ECON-9708-7.6.4-03","7.6.4","A_LEVEL_ADDITION","4","35","split_prototype","Compare long-run output and profit","diagram","3981;3982;4114","NONE_VERIFIED","needs_scope_and_atomicity_review","not_approved","not_started","not_started","Cambridge Economics 9708 2026-2028 v2 / §7.6.4"
"v1_2026_10_09","ECON-9708-7.6.4-04","7.6.4","A_LEVEL_ADDITION","4","35","split_prototype","Apply shutdown condition by firm type","quantitative","3981;3982;4114","NONE_VERIFIED","needs_scope_and_atomicity_review","not_approved","not_started","not_started","Cambridge Economics 9708 2026-2028 v2 / §7.6.4"
"v1_2026_10_09","ECON-9708-7.6.4-05","7.6.4","A_LEVEL_ADDITION","4","35","split_prototype","Explain competitive firm's marginal-cost supply rule","diagram","3981;3982;4114","NONE_VERIFIED","needs_scope_and_atomicity_review","not_approved","not_started","not_started","Cambridge Economics 9708 2026-2028 v2 / §7.6.4"
"v1_2026_10_09","ECON-9708-7.6.4-06","7.6.4","A_LEVEL_ADDITION","4","35","split_prototype","Compare efficiency and X-inefficiency across market structures","evaluation","3981;3982;4114","NONE_VERIFIED","needs_scope_and_atomicity_review","not_approved","not_started","not_started","Cambridge Economics 9708 2026-2028 v2 / §7.6.4"
"v1_2026_10_09","ECON-9708-7.6.4-07","7.6.4","A_LEVEL_ADDITION","4","35","split_prototype","Judge contestability and entry barriers","evaluation","3981;3982;4114","NONE_VERIFIED","needs_scope_and_atomicity_review","not_approved","not_started","not_started","Cambridge Economics 9708 2026-2028 v2 / §7.6.4"
"v1_2026_10_09","ECON-9708-7.6.4-08","7.6.4","A_LEVEL_ADDITION","4","35","split_prototype","Distinguish price and non-price competition","case","3981;3982;4114","NONE_VERIFIED","needs_scope_and_atomicity_review","not_approved","not_started","not_started","Cambridge Economics 9708 2026-2028 v2 / §7.6.4"
"v1_2026_10_09","ECON-9708-7.6.4-09","7.6.4","A_LEVEL_ADDITION","4","35","split_prototype","Evaluate collusion and solve a two-firm Prisoner's Dilemma payoff matrix","quantitative","3981;3982;4114","NONE_VERIFIED","needs_scope_and_atomicity_review","not_approved","not_started","not_started","Cambridge Economics 9708 2026-2028 v2 / §7.6.4"
"v1_2026_10_09","ECON-9708-7.6.5-BASE","7.6.5","A_LEVEL_ADDITION","4","35","one_to_one_placeholder","Calculate and interpret an industry concentration ratio","unclassified","3985","NONE_VERIFIED","needs_atomicity_review_and_semantic_qa","not_approved","not_started","not_started","Cambridge Economics 9708 2026-2028 v2 / §7.6.5"
"v1_2026_10_09","ECON-9708-7.7.1-BASE","7.7.1","A_LEVEL_ADDITION","4","36","one_to_one_placeholder","Explain why firms operating in the same industry differ in size","unclassified","3988;3992","NONE_VERIFIED","needs_atomicity_review_and_semantic_qa","not_approved","not_started","not_started","Cambridge Economics 9708 2026-2028 v2 / §7.7.1"
"v1_2026_10_09","ECON-9708-7.7.2-BASE","7.7.2","A_LEVEL_ADDITION","4","36","one_to_one_placeholder","Compare organic growth and diversification","unclassified","3989;3990","NONE_VERIFIED","needs_atomicity_review_and_semantic_qa","not_approved","not_started","not_started","Cambridge Economics 9708 2026-2028 v2 / §7.7.2"
"v1_2026_10_09","ECON-9708-7.7.3-BASE","7.7.3","A_LEVEL_ADDITION","4","36","one_to_one_placeholder","Classify vertical, horizontal and conglomerate integration and evaluate acquisitions","unclassified","3991","NONE_VERIFIED","needs_atomicity_review_and_semantic_qa","not_approved","not_started","not_started","Cambridge Economics 9708 2026-2028 v2 / §7.7.3"
"v1_2026_10_09","ECON-9708-7.7.4-BASE","7.7.4","A_LEVEL_ADDITION","4","36","one_to_one_placeholder","Explain cartel stability conditions and consequences of collusion","unclassified","","NONE_VERIFIED","needs_atomicity_review_and_semantic_qa","not_approved","not_started","not_started","Cambridge Economics 9708 2026-2028 v2 / §7.7.4"
"v1_2026_10_09","ECON-9708-7.7.5-BASE","7.7.5","A_LEVEL_ADDITION","4","36","one_to_one_placeholder","Analyse the principal–agent tension between managers and owners","unclassified","","NONE_VERIFIED","needs_atomicity_review_and_semantic_qa","not_approved","not_started","not_started","Cambridge Economics 9708 2026-2028 v2 / §7.7.5"
"v1_2026_10_09","ECON-9708-7.8.1-BASE","7.8.1","A_LEVEL_ADDITION","4","37","one_to_one_placeholder","Use marginal cost and marginal revenue to identify profit-maximising output","unclassified","3998","NONE_VERIFIED","needs_atomicity_review_and_semantic_qa","not_approved","not_started","not_started","Cambridge Economics 9708 2026-2028 v2 / §7.8.1"
"v1_2026_10_09","ECON-9708-7.8.2-BASE","7.8.2","A_LEVEL_ADDITION","4","37","one_to_one_placeholder","Distinguish survival, profit satisficing, sales maximisation and revenue maximisation","unclassified","3986;3995","NONE_VERIFIED","needs_atomicity_review_and_semantic_qa","not_approved","not_started","not_started","Cambridge Economics 9708 2026-2028 v2 / §7.8.2"
"v1_2026_10_09","ECON-9708-7.8.3-BASE","7.8.3","A_LEVEL_ADDITION","4","37","one_to_one_placeholder","Compare first-, second- and third-degree price discrimination and feasibility constraints","unclassified","3983","NONE_VERIFIED","needs_atomicity_review_and_semantic_qa","not_approved","not_started","not_started","Cambridge Economics 9708 2026-2028 v2 / §7.8.3"
"v1_2026_10_09","ECON-9708-7.8.4-BASE","7.8.4","A_LEVEL_ADDITION","4","37","one_to_one_placeholder","Evaluate limit pricing, predatory pricing and price leadership","unclassified","","NONE_VERIFIED","needs_atomicity_review_and_semantic_qa","not_approved","not_started","not_started","Cambridge Economics 9708 2026-2028 v2 / §7.8.4"
"v1_2026_10_09","ECON-9708-7.8.5-BASE","7.8.5","A_LEVEL_ADDITION","4","37","one_to_one_placeholder","Connect demand elasticity to total revenue on standard and kinked demand curves","unclassified","3981","NONE_VERIFIED","needs_atomicity_review_and_semantic_qa","not_approved","not_started","not_started","Cambridge Economics 9708 2026-2028 v2 / §7.8.5"
"v1_2026_10_09","ECON-9708-8.1.1-01","8.1.1","A_LEVEL_ADDITION","5","38","split_prototype","Evaluate specific and percentage-based indirect taxes","diagram","4408;4409;4410;4411;4424;4425;4438;4447;4456;4466;4468;4471;4477","NONE_VERIFIED","needs_scope_and_atomicity_review","not_approved","not_started","not_started","Cambridge Economics 9708 2026-2028 v2 / §8.1.1"
"v1_2026_10_09","ECON-9708-8.1.1-02","8.1.1","A_LEVEL_ADDITION","5","38","split_prototype","Evaluate corrective producer or consumer subsidies","diagram","4408;4409;4410;4411;4424;4425;4438;4447;4456;4466;4468;4471;4477","NONE_VERIFIED","needs_scope_and_atomicity_review","not_approved","not_started","not_started","Cambridge Economics 9708 2026-2028 v2 / §8.1.1"
"v1_2026_10_09","ECON-9708-8.1.1-03","8.1.1","A_LEVEL_ADDITION","5","38","split_prototype","Compare binding maximum and minimum price controls","diagram","4408;4409;4410;4411;4424;4425;4438;4447;4456;4466;4468;4471;4477","NONE_VERIFIED","needs_scope_and_atomicity_review","not_approved","not_started","not_started","Cambridge Economics 9708 2026-2028 v2 / §8.1.1"
"v1_2026_10_09","ECON-9708-8.1.1-04","8.1.1","A_LEVEL_ADDITION","5","38","split_prototype","Analyse production quotas","case","4408;4409;4410;4411;4424;4425;4438;4447;4456;4466;4468;4471;4477","NONE_VERIFIED","needs_scope_and_atomicity_review","not_approved","not_started","not_started","Cambridge Economics 9708 2026-2028 v2 / §8.1.1"
"v1_2026_10_09","ECON-9708-8.1.1-05","8.1.1","A_LEVEL_ADDITION","5","38","split_prototype","Analyse prohibitions and licensing","case","4408;4409;4410;4411;4424;4425;4438;4447;4456;4466;4468;4471;4477","NONE_VERIFIED","needs_scope_and_atomicity_review","not_approved","not_started","not_started","Cambridge Economics 9708 2026-2028 v2 / §8.1.1"
"v1_2026_10_09","ECON-9708-8.1.1-06","8.1.1","A_LEVEL_ADDITION","5","38","split_prototype","Distinguish regulation from deregulation","evaluation","4408;4409;4410;4411;4424;4425;4438;4447;4456;4466;4468;4471;4477","NONE_VERIFIED","needs_scope_and_atomicity_review","not_approved","not_started","not_started","Cambridge Economics 9708 2026-2028 v2 / §8.1.1"
"v1_2026_10_09","ECON-9708-8.1.1-07","8.1.1","A_LEVEL_ADDITION","5","38","split_prototype","Analyse direct public provision","evaluation","4408;4409;4410;4411;4424;4425;4438;4447;4456;4466;4468;4471;4477","NONE_VERIFIED","needs_scope_and_atomicity_review","not_approved","not_started","not_started","Cambridge Economics 9708 2026-2028 v2 / §8.1.1"
"v1_2026_10_09","ECON-9708-8.1.1-08","8.1.1","A_LEVEL_ADDITION","5","38","split_prototype","Compare emissions permits and tradable pollution rights","diagram","4408;4409;4410;4411;4424;4425;4438;4447;4456;4466;4468;4471;4477","NONE_VERIFIED","needs_scope_and_atomicity_review","not_approved","not_started","not_started","Cambridge Economics 9708 2026-2028 v2 / §8.1.1"
"v1_2026_10_09","ECON-9708-8.1.1-09","8.1.1","A_LEVEL_ADDITION","5","38","split_prototype","Explain property rights in correcting external costs","case","4408;4409;4410;4411;4424;4425;4438;4447;4456;4466;4468;4471;4477","NONE_VERIFIED","needs_scope_and_atomicity_review","not_approved","not_started","not_started","Cambridge Economics 9708 2026-2028 v2 / §8.1.1"
"v1_2026_10_09","ECON-9708-8.1.1-10","8.1.1","A_LEVEL_ADDITION","5","38","split_prototype","Evaluate nationalisation against privatisation","evaluation","4408;4409;4410;4411;4424;4425;4438;4447;4456;4466;4468;4471;4477","NONE_VERIFIED","needs_scope_and_atomicity_review","not_approved","not_started","not_started","Cambridge Economics 9708 2026-2028 v2 / §8.1.1"
"v1_2026_10_09","ECON-9708-8.1.1-11","8.1.1","A_LEVEL_ADDITION","5","38","split_prototype","Assess information provision against information failure","case","4408;4409;4410;4411;4424;4425;4438;4447;4456;4466;4468;4471;4477","NONE_VERIFIED","needs_scope_and_atomicity_review","not_approved","not_started","not_started","Cambridge Economics 9708 2026-2028 v2 / §8.1.1"
"v1_2026_10_09","ECON-9708-8.1.1-12","8.1.1","A_LEVEL_ADDITION","5","38","split_prototype","Assess the suitability and limitations of behavioural nudges","evaluation","4408;4409;4410;4411;4424;4425;4438;4447;4456;4466;4468;4471;4477","NONE_VERIFIED","needs_scope_and_atomicity_review","not_approved","not_started","not_started","Cambridge Economics 9708 2026-2028 v2 / §8.1.1"
"v1_2026_10_09","ECON-9708-8.1.2-BASE","8.1.2","A_LEVEL_ADDITION","5","38","one_to_one_placeholder","Diagnose government failure, its causes and unintended outcomes","unclassified","4437;4438;4444;4450","NONE_VERIFIED","needs_atomicity_review_and_semantic_qa","not_approved","not_started","not_started","Cambridge Economics 9708 2026-2028 v2 / §8.1.2"
"v1_2026_10_09","ECON-9708-8.2.1-BASE","8.2.1","A_LEVEL_ADDITION","5","39","one_to_one_placeholder","Differentiate equal treatment/outcomes from equitable distribution","unclassified","4430;4431","NONE_VERIFIED","needs_atomicity_review_and_semantic_qa","not_approved","not_started","not_started","Cambridge Economics 9708 2026-2028 v2 / §8.2.1"
"v1_2026_10_09","ECON-9708-8.2.2-BASE","8.2.2","A_LEVEL_ADDITION","5","39","one_to_one_placeholder","Analyse trade-offs or complementarities between equity and efficiency","unclassified","4429;4454;4465","NONE_VERIFIED","needs_atomicity_review_and_semantic_qa","not_approved","not_started","not_started","Cambridge Economics 9708 2026-2028 v2 / §8.2.2"
"v1_2026_10_09","ECON-9708-8.2.3-BASE","8.2.3","A_LEVEL_ADDITION","5","39","one_to_one_placeholder","Distinguish absolute from relative poverty in a country-specific context","unclassified","","NONE_VERIFIED","needs_atomicity_review_and_semantic_qa","not_approved","not_started","not_started","Cambridge Economics 9708 2026-2028 v2 / §8.2.3"
"v1_2026_10_09","ECON-9708-8.2.4-BASE","8.2.4","A_LEVEL_ADDITION","5","39","one_to_one_placeholder","Explain the poverty trap and how incentives/restrictions sustain it","unclassified","4469","NONE_VERIFIED","needs_atomicity_review_and_semantic_qa","not_approved","not_started","not_started","Cambridge Economics 9708 2026-2028 v2 / §8.2.4"
"v1_2026_10_09","ECON-9708-8.2.5-BASE","8.2.5","A_LEVEL_ADDITION","5","39","one_to_one_placeholder","Compare redistribution via taxation and negative income tax, targeted/universal transfers and UBI","unclassified","4415;4416;4417;4439;4442;4451;4475","NONE_VERIFIED","needs_atomicity_review_and_semantic_qa","not_approved","not_started","not_started","Cambridge Economics 9708 2026-2028 v2 / §8.2.5"
"v1_2026_10_09","ECON-9708-8.3.1-BASE","8.3.1","A_LEVEL_ADDITION","5","40","one_to_one_placeholder","Derive labour demand from demand for its final output","unclassified","4418;4470","NONE_VERIFIED","needs_atomicity_review_and_semantic_qa","not_approved","not_started","not_started","Cambridge Economics 9708 2026-2028 v2 / §8.3.1"
"v1_2026_10_09","ECON-9708-8.3.2-BASE","8.3.2","A_LEVEL_ADDITION","5","40","one_to_one_placeholder","Explain determinants of demand for labour in firms or occupations","unclassified","4452;4432","NONE_VERIFIED","needs_atomicity_review_and_semantic_qa","not_approved","not_started","not_started","Cambridge Economics 9708 2026-2028 v2 / §8.3.2"
"v1_2026_10_09","ECON-9708-8.3.3-BASE","8.3.3","A_LEVEL_ADDITION","5","40","one_to_one_placeholder","Separate labour-demand curve shifts from movements along it","unclassified","4418;4452","NONE_VERIFIED","needs_atomicity_review_and_semantic_qa","not_approved","not_started","not_started","Cambridge Economics 9708 2026-2028 v2 / §8.3.3"
"v1_2026_10_09","ECON-9708-8.3.4-BASE","8.3.4","A_LEVEL_ADDITION","5","40","one_to_one_placeholder","Calculate marginal revenue product and derive labour-demand decisions","unclassified","4440;4449;4470","NONE_VERIFIED","needs_atomicity_review_and_semantic_qa","not_approved","not_started","not_started","Cambridge Economics 9708 2026-2028 v2 / §8.3.4"
"v1_2026_10_09","ECON-9708-8.3.5-BASE","8.3.5","A_LEVEL_ADDITION","5","40","one_to_one_placeholder","Explain wage and non-wage influences on labour supply","unclassified","4419;4433;4435","NONE_VERIFIED","needs_atomicity_review_and_semantic_qa","not_approved","not_started","not_started","Cambridge Economics 9708 2026-2028 v2 / §8.3.5"
"v1_2026_10_09","ECON-9708-8.3.6-BASE","8.3.6","A_LEVEL_ADDITION","5","40","one_to_one_placeholder","Distinguish labour-supply shifts from wage-driven movements along the curve","unclassified","4419;4436","NONE_VERIFIED","needs_atomicity_review_and_semantic_qa","not_approved","not_started","not_started","Cambridge Economics 9708 2026-2028 v2 / §8.3.6"
"v1_2026_10_09","ECON-9708-8.3.7-BASE","8.3.7","A_LEVEL_ADDITION","5","40","one_to_one_placeholder","Determine wages and employment in a competitive labour market diagram","unclassified","4418;4419","NONE_VERIFIED","needs_atomicity_review_and_semantic_qa","not_approved","not_started","not_started","Cambridge Economics 9708 2026-2028 v2 / §8.3.7"
"v1_2026_10_09","ECON-9708-8.3.8-BASE","8.3.8","A_LEVEL_ADDITION","5","40","one_to_one_placeholder","Compare trade union, minimum-wage and monopsony effects on wages and employment","unclassified","4421;4422;4423;4446;4458;4459;4464;4473;4476","NONE_VERIFIED","needs_atomicity_review_and_semantic_qa","not_approved","not_started","not_started","Cambridge Economics 9708 2026-2028 v2 / §8.3.8"
"v1_2026_10_09","ECON-9708-8.3.9-BASE","8.3.9","A_LEVEL_ADDITION","5","40","one_to_one_placeholder","Explain wage differentials through labour-demand and labour-supply determinants","unclassified","4432;4434","NONE_VERIFIED","needs_atomicity_review_and_semantic_qa","not_approved","not_started","not_started","Cambridge Economics 9708 2026-2028 v2 / §8.3.9"
"v1_2026_10_09","ECON-9708-8.3.10-BASE","8.3.10","A_LEVEL_ADDITION","5","40","one_to_one_placeholder","Determine transfer earnings and economic rent for labour using appropriate diagrams","unclassified","","NONE_VERIFIED","needs_atomicity_review_and_semantic_qa","not_approved","not_started","not_started","Cambridge Economics 9708 2026-2028 v2 / §8.3.10"
"v1_2026_10_09","ECON-9708-9.1.1-01","9.1.1","A_LEVEL_ADDITION","6","41","split_prototype","Explain the multiplier mechanism and induced spending","explanation","5031;5050;5083;5087","NONE_VERIFIED","needs_scope_and_atomicity_review","not_approved","not_started","not_started","Cambridge Economics 9708 2026-2028 v2 / §9.1.1"
"v1_2026_10_09","ECON-9708-9.1.1-02","9.1.1","A_LEVEL_ADDITION","6","41","split_prototype","Calculate MPC and APC from consumption data","quantitative","5031;5050;5083;5087","NONE_VERIFIED","needs_scope_and_atomicity_review","not_approved","not_started","not_started","Cambridge Economics 9708 2026-2028 v2 / §9.1.1"
"v1_2026_10_09","ECON-9708-9.1.1-03","9.1.1","A_LEVEL_ADDITION","6","41","split_prototype","Calculate MPS and APS from saving data","quantitative","5031;5050;5083;5087","NONE_VERIFIED","needs_scope_and_atomicity_review","not_approved","not_started","not_started","Cambridge Economics 9708 2026-2028 v2 / §9.1.1"
"v1_2026_10_09","ECON-9708-9.1.1-04","9.1.1","A_LEVEL_ADDITION","6","41","split_prototype","Calculate MPM and APM from import data","quantitative","5031;5050;5083;5087","NONE_VERIFIED","needs_scope_and_atomicity_review","not_approved","not_started","not_started","Cambridge Economics 9708 2026-2028 v2 / §9.1.1"
"v1_2026_10_09","ECON-9708-9.1.1-05","9.1.1","A_LEVEL_ADDITION","6","41","split_prototype","Calculate marginal and average rates of taxation","quantitative","5031;5050;5083;5087","NONE_VERIFIED","needs_scope_and_atomicity_review","not_approved","not_started","not_started","Cambridge Economics 9708 2026-2028 v2 / §9.1.1"
"v1_2026_10_09","ECON-9708-9.1.1-06","9.1.1","A_LEVEL_ADDITION","6","41","split_prototype","Calculate simple closed-economy multiplier without government","quantitative","5031;5050;5083;5087","NONE_VERIFIED","needs_scope_and_atomicity_review","not_approved","not_started","not_started","Cambridge Economics 9708 2026-2028 v2 / §9.1.1"
"v1_2026_10_09","ECON-9708-9.1.1-07","9.1.1","A_LEVEL_ADDITION","6","41","split_prototype","Calculate multiplier with government withdrawals","quantitative","5031;5050;5083;5087","NONE_VERIFIED","needs_scope_and_atomicity_review","not_approved","not_started","not_started","Cambridge Economics 9708 2026-2028 v2 / §9.1.1"
"v1_2026_10_09","ECON-9708-9.1.1-08","9.1.1","A_LEVEL_ADDITION","6","41","split_prototype","Calculate multiplier with foreign-sector withdrawals","quantitative","5031;5050;5083;5087","NONE_VERIFIED","needs_scope_and_atomicity_review","not_approved","not_started","not_started","Cambridge Economics 9708 2026-2028 v2 / §9.1.1"
"v1_2026_10_09","ECON-9708-9.1.1-09","9.1.1","A_LEVEL_ADDITION","6","41","split_prototype","Calculate a multiplier with government and external leakages","quantitative","5031;5050;5083;5087","NONE_VERIFIED","needs_scope_and_atomicity_review","not_approved","not_started","not_started","Cambridge Economics 9708 2026-2028 v2 / §9.1.1"
"v1_2026_10_09","ECON-9708-9.1.1-10","9.1.1","A_LEVEL_ADDITION","6","41","split_prototype","Determine equilibrium national income using multiplier assumptions","quantitative","5031;5050;5083;5087","NONE_VERIFIED","needs_scope_and_atomicity_review","not_approved","not_started","not_started","Cambridge Economics 9708 2026-2028 v2 / §9.1.1"
"v1_2026_10_09","ECON-9708-9.1.1-11","9.1.1","A_LEVEL_ADDITION","6","41","split_prototype","Estimate the national-income effect of an autonomous demand change","quantitative","5031;5050;5083;5087","NONE_VERIFIED","needs_scope_and_atomicity_review","not_approved","not_started","not_started","Cambridge Economics 9708 2026-2028 v2 / §9.1.1"
"v1_2026_10_09","ECON-9708-9.1.2-BASE","9.1.2","A_LEVEL_ADDITION","6","41","one_to_one_placeholder","Distinguish autonomous and induced consumption, savings, investment, government expenditure and net exports","unclassified","5042;5076","NONE_VERIFIED","needs_atomicity_review_and_semantic_qa","not_approved","not_started","not_started","Cambridge Economics 9708 2026-2028 v2 / §9.1.2"
"v1_2026_10_09","ECON-9708-9.1.3-BASE","9.1.3","A_LEVEL_ADDITION","6","41","one_to_one_placeholder","Identify inflationary and deflationary gaps relative to full-employment national output","unclassified","5064;5089","NONE_VERIFIED","needs_atomicity_review_and_semantic_qa","not_approved","not_started","not_started","Cambridge Economics 9708 2026-2028 v2 / §9.1.3"
"v1_2026_10_09","ECON-9708-9.2.1-BASE","9.2.1","A_LEVEL_ADDITION","6","42","one_to_one_placeholder","Differentiate actual output growth from growth in productive capacity","unclassified","5059;5097","NONE_VERIFIED","needs_atomicity_review_and_semantic_qa","not_approved","not_started","not_started","Cambridge Economics 9708 2026-2028 v2 / §9.2.1"
"v1_2026_10_09","ECON-9708-9.2.2-BASE","9.2.2","A_LEVEL_ADDITION","6","42","one_to_one_placeholder","Interpret positive and negative output gaps using potential-output estimates","unclassified","","NONE_VERIFIED","needs_atomicity_review_and_semantic_qa","not_approved","not_started","not_started","Cambridge Economics 9708 2026-2028 v2 / §9.2.2"
"v1_2026_10_09","ECON-9708-9.2.3-BASE","9.2.3","A_LEVEL_ADDITION","6","42","one_to_one_placeholder","Explain business-cycle phases, drivers and automatic stabilisers","unclassified","","NONE_VERIFIED","needs_atomicity_review_and_semantic_qa","not_approved","not_started","not_started","Cambridge Economics 9708 2026-2028 v2 / §9.2.3"
"v1_2026_10_09","ECON-9708-9.2.4-BASE","9.2.4","A_LEVEL_ADDITION","6","42","one_to_one_placeholder","Evaluate growth-promoting policies under capacity and sustainability constraints","unclassified","5059;5097","NONE_VERIFIED","needs_atomicity_review_and_semantic_qa","not_approved","not_started","not_started","Cambridge Economics 9708 2026-2028 v2 / §9.2.4"
"v1_2026_10_09","ECON-9708-9.2.5-BASE","9.2.5","A_LEVEL_ADDITION","6","42","one_to_one_placeholder","Explain inclusive growth and compare policies affecting distribution","unclassified","5081","NONE_VERIFIED","needs_atomicity_review_and_semantic_qa","not_approved","not_started","not_started","Cambridge Economics 9708 2026-2028 v2 / §9.2.5"
"v1_2026_10_09","ECON-9708-9.2.6-BASE","9.2.6","A_LEVEL_ADDITION","6","42","one_to_one_placeholder","Evaluate sustainable growth against resource constraints and environmental impacts","unclassified","5043;5058;5065","NONE_VERIFIED","needs_atomicity_review_and_semantic_qa","not_approved","not_started","not_started","Cambridge Economics 9708 2026-2028 v2 / §9.2.6"
"v1_2026_10_09","ECON-9708-9.3.1-BASE","9.3.1","A_LEVEL_ADDITION","6","43","one_to_one_placeholder","Define full employment consistently with frictional and structural unemployment","unclassified","","NONE_VERIFIED","needs_atomicity_review_and_semantic_qa","not_approved","not_started","not_started","Cambridge Economics 9708 2026-2028 v2 / §9.3.1"
"v1_2026_10_09","ECON-9708-9.3.2-BASE","9.3.2","A_LEVEL_ADDITION","6","43","one_to_one_placeholder","Distinguish equilibrium from disequilibrium unemployment, including hysteresis","unclassified","","NONE_VERIFIED","needs_atomicity_review_and_semantic_qa","not_approved","not_started","not_started","Cambridge Economics 9708 2026-2028 v2 / §9.3.2"
"v1_2026_10_09","ECON-9708-9.3.3-BASE","9.3.3","A_LEVEL_ADDITION","6","43","one_to_one_placeholder","Differentiate voluntary and involuntary unemployment","unclassified","","NONE_VERIFIED","needs_atomicity_review_and_semantic_qa","not_approved","not_started","not_started","Cambridge Economics 9708 2026-2028 v2 / §9.3.3"
"v1_2026_10_09","ECON-9708-9.3.4-BASE","9.3.4","A_LEVEL_ADDITION","6","43","one_to_one_placeholder","Explain the natural rate of unemployment, drivers and implications for policy","unclassified","5075","NONE_VERIFIED","needs_atomicity_review_and_semantic_qa","not_approved","not_started","not_started","Cambridge Economics 9708 2026-2028 v2 / §9.3.4"
"v1_2026_10_09","ECON-9708-9.3.5-BASE","9.3.5","A_LEVEL_ADDITION","6","43","one_to_one_placeholder","Interpret employment and unemployment trends with comparable data","unclassified","5038;5085;5094","NONE_VERIFIED","needs_atomicity_review_and_semantic_qa","not_approved","not_started","not_started","Cambridge Economics 9708 2026-2028 v2 / §9.3.5"
"v1_2026_10_09","ECON-9708-9.3.6-BASE","9.3.6","A_LEVEL_ADDITION","6","43","one_to_one_placeholder","Distinguish occupational/geographical mobility and the factors limiting both","unclassified","5045","NONE_VERIFIED","needs_atomicity_review_and_semantic_qa","not_approved","not_started","not_started","Cambridge Economics 9708 2026-2028 v2 / §9.3.6"
"v1_2026_10_09","ECON-9708-9.3.7-BASE","9.3.7","A_LEVEL_ADDITION","6","43","one_to_one_placeholder","Evaluate unemployment-reduction policies for different unemployment causes","unclassified","5045;5047;5055","NONE_VERIFIED","needs_atomicity_review_and_semantic_qa","not_approved","not_started","not_started","Cambridge Economics 9708 2026-2028 v2 / §9.3.7"
"v1_2026_10_09","ECON-9708-9.4.1-BASE","9.4.1","A_LEVEL_ADDITION","6","44","one_to_one_placeholder","Explain monetary functions and characteristics, including unit of account and store of value","unclassified","5066;5077;5095","NONE_VERIFIED","needs_atomicity_review_and_semantic_qa","not_approved","not_started","not_started","Cambridge Economics 9708 2026-2028 v2 / §9.4.1"
"v1_2026_10_09","ECON-9708-9.4.2-BASE","9.4.2","A_LEVEL_ADDITION","6","44","one_to_one_placeholder","Define money supply and distinguish its changes from price level changes","unclassified","5036","NONE_VERIFIED","needs_atomicity_review_and_semantic_qa","not_approved","not_started","not_started","Cambridge Economics 9708 2026-2028 v2 / §9.4.2"
"v1_2026_10_09","ECON-9708-9.4.3-BASE","9.4.3","A_LEVEL_ADDITION","6","44","one_to_one_placeholder","Apply and evaluate the quantity equation MV=PT using stated assumptions","unclassified","","NONE_VERIFIED","needs_atomicity_review_and_semantic_qa","not_approved","not_started","not_started","Cambridge Economics 9708 2026-2028 v2 / §9.4.3"
"v1_2026_10_09","ECON-9708-9.4.4-BASE","9.4.4","A_LEVEL_ADDITION","6","44","one_to_one_placeholder","Explain commercial-bank balance sheets, intermediation, reserve and capital constraints","unclassified","5037;5051;5086;5091","NONE_VERIFIED","needs_atomicity_review_and_semantic_qa","not_approved","not_started","not_started","Cambridge Economics 9708 2026-2028 v2 / §9.4.4"
"v1_2026_10_09","ECON-9708-9.4.5-BASE","9.4.5","A_LEVEL_ADDITION","6","44","one_to_one_placeholder","Trace how bank credit, central bank, QE and external flows change the money supply","unclassified","5030;5035;5060;5062;5069","NONE_VERIFIED","needs_atomicity_review_and_semantic_qa","not_approved","not_started","not_started","Cambridge Economics 9708 2026-2028 v2 / §9.4.5"
"v1_2026_10_09","ECON-9708-9.4.6-BASE","9.4.6","A_LEVEL_ADDITION","6","44","one_to_one_placeholder","Evaluate disinflation strategies in light of the source of inflation","unclassified","5061","NONE_VERIFIED","needs_atomicity_review_and_semantic_qa","not_approved","not_started","not_started","Cambridge Economics 9708 2026-2028 v2 / §9.4.6"
"v1_2026_10_09","ECON-9708-9.4.7-BASE","9.4.7","A_LEVEL_ADDITION","6","44","one_to_one_placeholder","Explain the liquidity-preference theory of the demand for money","unclassified","","NONE_VERIFIED","needs_atomicity_review_and_semantic_qa","not_approved","not_started","not_started","Cambridge Economics 9708 2026-2028 v2 / §9.4.7"
"v1_2026_10_09","ECON-9708-9.4.8-BASE","9.4.8","A_LEVEL_ADDITION","6","44","one_to_one_placeholder","Compare Keynesian interest-rate determination with the loanable-funds approach","unclassified","","NONE_VERIFIED","needs_atomicity_review_and_semantic_qa","not_approved","not_started","not_started","Cambridge Economics 9708 2026-2028 v2 / §9.4.8"
"v1_2026_10_09","ECON-9708-10.1.1-BASE","10.1.1","A_LEVEL_ADDITION","6","45","one_to_one_placeholder","Assess the joint macro policy objectives of prices, external balance, employment, growth, development and sustainability","unclassified","5063","NONE_VERIFIED","needs_atomicity_review_and_semantic_qa","not_approved","not_started","not_started","Cambridge Economics 9708 2026-2028 v2 / §10.1.1"
"v1_2026_10_09","ECON-9708-10.2.1-BASE","10.2.1","A_LEVEL_ADDITION","6","46","one_to_one_placeholder","Explain how a change in the internal value of money relates to its external currency value","unclassified","5029","NONE_VERIFIED","needs_atomicity_review_and_semantic_qa","not_approved","not_started","not_started","Cambridge Economics 9708 2026-2028 v2 / §10.2.1"
"v1_2026_10_09","ECON-9708-10.2.2-BASE","10.2.2","A_LEVEL_ADDITION","6","46","one_to_one_placeholder","Analyse two-way links between inflation and the balance of payments","unclassified","5033;5056","NONE_VERIFIED","needs_atomicity_review_and_semantic_qa","not_approved","not_started","not_started","Cambridge Economics 9708 2026-2028 v2 / §10.2.2"
"v1_2026_10_09","ECON-9708-10.2.3-BASE","10.2.3","A_LEVEL_ADDITION","6","46","one_to_one_placeholder","Explain conflict or complementarity between growth and inflation","unclassified","5084","NONE_VERIFIED","needs_atomicity_review_and_semantic_qa","not_approved","not_started","not_started","Cambridge Economics 9708 2026-2028 v2 / §10.2.3"
"v1_2026_10_09","ECON-9708-10.2.4-BASE","10.2.4","A_LEVEL_ADDITION","6","46","one_to_one_placeholder","Analyse how growth affects imports, exports and external balance","unclassified","5093","NONE_VERIFIED","needs_atomicity_review_and_semantic_qa","not_approved","not_started","not_started","Cambridge Economics 9708 2026-2028 v2 / §10.2.4"
"v1_2026_10_09","ECON-9708-10.2.5-BASE","10.2.5","A_LEVEL_ADDITION","6","46","one_to_one_placeholder","Compare short-run Phillips curve and expectations-augmented long-run analysis","unclassified","","NONE_VERIFIED","needs_atomicity_review_and_semantic_qa","not_approved","not_started","not_started","Cambridge Economics 9708 2026-2028 v2 / §10.2.5"
"v1_2026_10_09","ECON-9708-10.3.1-01","10.3.1","A_LEVEL_ADDITION","6","47","split_prototype","Evaluate fiscal policy including Laffer-curve reasoning","evaluation","5046;5048;5049;5071;5073;5088","NONE_VERIFIED","needs_scope_and_atomicity_review","not_approved","not_started","not_started","Cambridge Economics 9708 2026-2028 v2 / §10.3.1"
"v1_2026_10_09","ECON-9708-10.3.1-02","10.3.1","A_LEVEL_ADDITION","6","47","split_prototype","Evaluate monetary policy and transmission constraints","evaluation","5046;5048;5049;5071;5073;5088","NONE_VERIFIED","needs_scope_and_atomicity_review","not_approved","not_started","not_started","Cambridge Economics 9708 2026-2028 v2 / §10.3.1"
"v1_2026_10_09","ECON-9708-10.3.1-03","10.3.1","A_LEVEL_ADDITION","6","47","split_prototype","Compare market-led and interventionist supply-side policies","evaluation","5046;5048;5049;5071;5073;5088","NONE_VERIFIED","needs_scope_and_atomicity_review","not_approved","not_started","not_started","Cambridge Economics 9708 2026-2028 v2 / §10.3.1"
"v1_2026_10_09","ECON-9708-10.3.1-04","10.3.1","A_LEVEL_ADDITION","6","47","split_prototype","Evaluate exchange-rate intervention under stated regimes","evaluation","5046;5048;5049;5071;5073;5088","NONE_VERIFIED","needs_scope_and_atomicity_review","not_approved","not_started","not_started","Cambridge Economics 9708 2026-2028 v2 / §10.3.1"
"v1_2026_10_09","ECON-9708-10.3.1-05","10.3.1","A_LEVEL_ADDITION","6","47","split_prototype","Evaluate international trade policy and spillovers","evaluation","5046;5048;5049;5071;5073;5088","NONE_VERIFIED","needs_scope_and_atomicity_review","not_approved","not_started","not_started","Cambridge Economics 9708 2026-2028 v2 / §10.3.1"
"v1_2026_10_09","ECON-9708-10.3.1-06","10.3.1","A_LEVEL_ADDITION","6","47","split_prototype","Choose a multi-policy response with a reasoned conditional judgement","written","5046;5048;5049;5071;5073;5088","NONE_VERIFIED","needs_scope_and_atomicity_review","not_approved","not_started","not_started","Cambridge Economics 9708 2026-2028 v2 / §10.3.1"
"v1_2026_10_09","ECON-9708-10.3.2-BASE","10.3.2","A_LEVEL_ADDITION","6","47","one_to_one_placeholder","Explain conflicting policy outcomes under capacity, inflation and external constraints","unclassified","5088;5092","NONE_VERIFIED","needs_atomicity_review_and_semantic_qa","not_approved","not_started","not_started","Cambridge Economics 9708 2026-2028 v2 / §10.3.2"
"v1_2026_10_09","ECON-9708-10.3.3-BASE","10.3.3","A_LEVEL_ADDITION","6","47","one_to_one_placeholder","Evaluate macroeconomic government failure and unintended effects","unclassified","","NONE_VERIFIED","needs_atomicity_review_and_semantic_qa","not_approved","not_started","not_started","Cambridge Economics 9708 2026-2028 v2 / §10.3.3"
"v1_2026_10_09","ECON-9708-11.1.1-BASE","11.1.1","A_LEVEL_ADDITION","7","48","one_to_one_placeholder","Classify all three balance-of-payments accounts, including primary and secondary income","unclassified","5411;5421;5447","NONE_VERIFIED","needs_atomicity_review_and_semantic_qa","not_approved","not_started","not_started","Cambridge Economics 9708 2026-2028 v2 / §11.1.1"
"v1_2026_10_09","ECON-9708-11.1.2-BASE","11.1.2","A_LEVEL_ADDITION","7","48","one_to_one_placeholder","Compare impacts of fiscal, monetary, supply-side, protectionist and exchange rate policies on the full balance of payments","unclassified","5448;5441","NONE_VERIFIED","needs_atomicity_review_and_semantic_qa","not_approved","not_started","not_started","Cambridge Economics 9708 2026-2028 v2 / §11.1.2"
"v1_2026_10_09","ECON-9708-11.1.3-BASE","11.1.3","A_LEVEL_ADDITION","7","48","one_to_one_placeholder","Differentiate expenditure switching from expenditure reduction using balance-of-payments scenarios","unclassified","5417","NONE_VERIFIED","needs_atomicity_review_and_semantic_qa","not_approved","not_started","not_started","Cambridge Economics 9708 2026-2028 v2 / §11.1.3"
"v1_2026_10_09","ECON-9708-11.2.1-BASE","11.2.1","A_LEVEL_ADDITION","7","49","one_to_one_placeholder","Distinguish nominal, real and trade-weighted exchange rates and calculate their changes","unclassified","","NONE_VERIFIED","needs_atomicity_review_and_semantic_qa","not_approved","not_started","not_started","Cambridge Economics 9708 2026-2028 v2 / §11.2.1"
"v1_2026_10_09","ECON-9708-11.2.2-BASE","11.2.2","A_LEVEL_ADDITION","7","49","one_to_one_placeholder","Explain how fixed and managed exchange rates are maintained under supply-demand pressures","unclassified","5402;5422;5425","NONE_VERIFIED","needs_atomicity_review_and_semantic_qa","not_approved","not_started","not_started","Cambridge Economics 9708 2026-2028 v2 / §11.2.2"
"v1_2026_10_09","ECON-9708-11.2.3-BASE","11.2.3","A_LEVEL_ADDITION","7","49","one_to_one_placeholder","Distinguish an official revaluation from devaluation of a pegged currency","unclassified","5449;5461","NONE_VERIFIED","needs_atomicity_review_and_semantic_qa","not_approved","not_started","not_started","Cambridge Economics 9708 2026-2028 v2 / §11.2.3"
"v1_2026_10_09","ECON-9708-11.2.4-BASE","11.2.4","A_LEVEL_ADDITION","7","49","one_to_one_placeholder","Analyse exchange-rate changes and adjustment across fixed, managed and floating regimes","unclassified","5403;5408;5426;5428;5454","NONE_VERIFIED","needs_atomicity_review_and_semantic_qa","not_approved","not_started","not_started","Cambridge Economics 9708 2026-2028 v2 / §11.2.4"
"v1_2026_10_09","ECON-9708-11.2.5-BASE","11.2.5","A_LEVEL_ADDITION","7","49","one_to_one_placeholder","Apply Marshall–Lerner and J-curve logic to external adjustment after depreciation or devaluation","unclassified","","NONE_VERIFIED","needs_atomicity_review_and_semantic_qa","not_approved","not_started","not_started","Cambridge Economics 9708 2026-2028 v2 / §11.2.5"
"v1_2026_10_09","ECON-9708-11.3.1-BASE","11.3.1","A_LEVEL_ADDITION","7","50","one_to_one_placeholder","Classify economies according to stages and dimensions of development","unclassified","5407","NONE_VERIFIED","needs_atomicity_review_and_semantic_qa","not_approved","not_started","not_started","Cambridge Economics 9708 2026-2028 v2 / §11.3.1"
"v1_2026_10_09","ECON-9708-11.3.2-BASE","11.3.2","A_LEVEL_ADDITION","7","50","one_to_one_placeholder","Categorise economies by national-income group, with measurement cautions","unclassified","5416","NONE_VERIFIED","needs_atomicity_review_and_semantic_qa","not_approved","not_started","not_started","Cambridge Economics 9708 2026-2028 v2 / §11.3.2"
"v1_2026_10_09","ECON-9708-11.3.3-01","11.3.3","A_LEVEL_ADDITION","7","50","split_prototype","Compare GDP, GNI and NNI per head in real terms","quantitative","5407;5438;5467","NONE_VERIFIED","needs_scope_and_atomicity_review","not_approved","not_started","not_started","Cambridge Economics 9708 2026-2028 v2 / §11.3.3"
"v1_2026_10_09","ECON-9708-11.3.3-02","11.3.3","A_LEVEL_ADDITION","7","50","split_prototype","Use purchasing-power parity to compare living standards","quantitative","5407;5438;5467","NONE_VERIFIED","needs_scope_and_atomicity_review","not_approved","not_started","not_started","Cambridge Economics 9708 2026-2028 v2 / §11.3.3"
"v1_2026_10_09","ECON-9708-11.3.3-03","11.3.3","A_LEVEL_ADDITION","7","50","split_prototype","Explain the pitfalls of cross-country money-income comparisons","evaluation","5407;5438;5467","NONE_VERIFIED","needs_scope_and_atomicity_review","not_approved","not_started","not_started","Cambridge Economics 9708 2026-2028 v2 / §11.3.3"
"v1_2026_10_09","ECON-9708-11.3.3-04","11.3.3","A_LEVEL_ADDITION","7","50","split_prototype","Evaluate nonmonetary development indicators","evaluation","5407;5438;5467","NONE_VERIFIED","needs_scope_and_atomicity_review","not_approved","not_started","not_started","Cambridge Economics 9708 2026-2028 v2 / §11.3.3"
"v1_2026_10_09","ECON-9708-11.3.3-05","11.3.3","A_LEVEL_ADDITION","7","50","split_prototype","Explain the structure and interpretation of HDI","case","5407;5438;5467","NONE_VERIFIED","needs_scope_and_atomicity_review","not_approved","not_started","not_started","Cambridge Economics 9708 2026-2028 v2 / §11.3.3"
"v1_2026_10_09","ECON-9708-11.3.3-06","11.3.3","A_LEVEL_ADDITION","7","50","split_prototype","Interpret MEW and multidimensional poverty measures","case","5407;5438;5467","NONE_VERIFIED","needs_scope_and_atomicity_review","not_approved","not_started","not_started","Cambridge Economics 9708 2026-2028 v2 / §11.3.3"
"v1_2026_10_09","ECON-9708-11.3.3-07","11.3.3","A_LEVEL_ADDITION","7","50","split_prototype","Use Kuznets-curve reasoning and evaluate its assumptions","evaluation","5407;5438;5467","NONE_VERIFIED","needs_scope_and_atomicity_review","not_approved","not_started","not_started","Cambridge Economics 9708 2026-2028 v2 / §11.3.3"
"v1_2026_10_09","ECON-9708-11.3.4-BASE","11.3.4","A_LEVEL_ADDITION","7","50","one_to_one_placeholder","Compare growth and living standards over time or between countries using adjusted indicators","unclassified","5416;5451","NONE_VERIFIED","needs_atomicity_review_and_semantic_qa","not_approved","not_started","not_started","Cambridge Economics 9708 2026-2028 v2 / §11.3.4"
"v1_2026_10_09","ECON-9708-11.4.1-BASE","11.4.1","A_LEVEL_ADDITION","7","51","one_to_one_placeholder","Interpret demographic change, dependency ratios and urbanisation as development indicators","unclassified","","NONE_VERIFIED","needs_atomicity_review_and_semantic_qa","not_approved","not_started","not_started","Cambridge Economics 9708 2026-2028 v2 / §11.4.1"
"v1_2026_10_09","ECON-9708-11.4.2-BASE","11.4.2","A_LEVEL_ADDITION","7","51","one_to_one_placeholder","Interpret a Lorenz curve and calculate the Gini coefficient for comparing development inequalities","unclassified","","NONE_VERIFIED","needs_atomicity_review_and_semantic_qa","not_approved","not_started","not_started","Cambridge Economics 9708 2026-2028 v2 / §11.4.2"
"v1_2026_10_09","ECON-9708-11.4.3-BASE","11.4.3","A_LEVEL_ADDITION","7","51","one_to_one_placeholder","Compare employment structure and trade composition across development levels","unclassified","5415","NONE_VERIFIED","needs_atomicity_review_and_semantic_qa","not_approved","not_started","not_started","Cambridge Economics 9708 2026-2028 v2 / §11.4.3"
"v1_2026_10_09","ECON-9708-11.5.1-BASE","11.5.1","A_LEVEL_ADDITION","7","52","one_to_one_placeholder","Compare international aid forms, motives, consequences and effectiveness","unclassified","5414;5430;5460","NONE_VERIFIED","needs_atomicity_review_and_semantic_qa","not_approved","not_started","not_started","Cambridge Economics 9708 2026-2028 v2 / §11.5.1"
"v1_2026_10_09","ECON-9708-11.5.2-BASE","11.5.2","A_LEVEL_ADDITION","7","52","one_to_one_placeholder","Explain development effects of trade and investment flows","unclassified","5406;5439","NONE_VERIFIED","needs_atomicity_review_and_semantic_qa","not_approved","not_started","not_started","Cambridge Economics 9708 2026-2028 v2 / §11.5.2"
"v1_2026_10_09","ECON-9708-11.5.3-BASE","11.5.3","A_LEVEL_ADDITION","7","52","one_to_one_placeholder","Evaluate activities and consequences of multinational firms in host/home economies","unclassified","5413","NONE_VERIFIED","needs_atomicity_review_and_semantic_qa","not_approved","not_started","not_started","Cambridge Economics 9708 2026-2028 v2 / §11.5.3"
"v1_2026_10_09","ECON-9708-11.5.4-BASE","11.5.4","A_LEVEL_ADDITION","7","52","one_to_one_placeholder","Differentiate FDI from portfolio investment and assess host-economy effects","unclassified","5405;5434;5465","NONE_VERIFIED","needs_atomicity_review_and_semantic_qa","not_approved","not_started","not_started","Cambridge Economics 9708 2026-2028 v2 / §11.5.4"
"v1_2026_10_09","ECON-9708-11.5.5-BASE","11.5.5","A_LEVEL_ADDITION","7","52","one_to_one_placeholder","Explain external debt build-up, service costs and impacts on policy space","unclassified","5444","NONE_VERIFIED","needs_atomicity_review_and_semantic_qa","not_approved","not_started","not_started","Cambridge Economics 9708 2026-2028 v2 / §11.5.5"
"v1_2026_10_09","ECON-9708-11.5.6-BASE","11.5.6","A_LEVEL_ADDITION","7","52","one_to_one_placeholder","Explain IMF lending, conditionality and macroeconomic adjustment programmes","unclassified","","NONE_VERIFIED","needs_atomicity_review_and_semantic_qa","not_approved","not_started","not_started","Cambridge Economics 9708 2026-2028 v2 / §11.5.6"
"v1_2026_10_09","ECON-9708-11.5.7-BASE","11.5.7","A_LEVEL_ADDITION","7","52","one_to_one_placeholder","Explain World Bank development-finance and project support roles","unclassified","","NONE_VERIFIED","needs_atomicity_review_and_semantic_qa","not_approved","not_started","not_started","Cambridge Economics 9708 2026-2028 v2 / §11.5.7"
"v1_2026_10_09","ECON-9708-11.6.1-BASE","11.6.1","A_LEVEL_ADDITION","7","53","one_to_one_placeholder","Explain economic integration/globalisation and critically assess distributional effects","unclassified","5410;5433;5450","NONE_VERIFIED","needs_atomicity_review_and_semantic_qa","not_approved","not_started","not_started","Cambridge Economics 9708 2026-2028 v2 / §11.6.1"
"v1_2026_10_09","ECON-9708-11.6.2-BASE","11.6.2","A_LEVEL_ADDITION","7","53","one_to_one_placeholder","Distinguish free trade area, customs union, monetary union and full economic union","unclassified","","NONE_VERIFIED","needs_atomicity_review_and_semantic_qa","not_approved","not_started","not_started","Cambridge Economics 9708 2026-2028 v2 / §11.6.2"
"v1_2026_10_09","ECON-9708-11.6.3-BASE","11.6.3","A_LEVEL_ADDITION","7","53","one_to_one_placeholder","Explain and analyse trade creation versus trade diversion","unclassified","","NONE_VERIFIED","needs_atomicity_review_and_semantic_qa","not_approved","not_started","not_started","Cambridge Economics 9708 2026-2028 v2 / §11.6.3"
