parent_id,book_chapter,official_scope_summary,source_match_type,children_in_v4,source_checked_status,remaining_academic_risk
"7.5.8","34","TR / AR / MR","direct_named_components","3","provisional_scope_checked_against_official_syllabus_and_textbook_TOC","low"
"7.6.1","35","five market-structure examples","direct_named_components","5","provisional_scope_checked_against_official_syllabus_and_textbook_TOC","low"
"7.6.2","35","four market-structure comparison dimensions","direct_named_components","4","provisional_scope_checked_against_official_syllabus_and_textbook_TOC","low"
"7.6.3","35","four entry/exit barrier categories","direct_named_components","4","provisional_scope_checked_against_official_syllabus_and_textbook_TOC","low"
"7.7.3","36","three integration families with vertical directions; causes/consequences","direct_named_components","6","provisional_scope_checked_against_official_syllabus_and_textbook_TOC","low"
"7.8.2","37","four non-profit-maximising firm objectives","direct_named_components","4","provisional_scope_checked_against_official_syllabus_and_textbook_TOC","low"
"7.8.3","37","three discrimination degrees plus conditions/consequences","direct_named_components","5","provisional_scope_checked_against_official_syllabus_and_textbook_TOC","low"
"7.8.4","37","three alternative pricing strategies","direct_named_components","3","provisional_scope_checked_against_official_syllabus_and_textbook_TOC","low"
"7.8.5","37","ordinary and kinked demand settings","direct_named_components","2","provisional_scope_checked_against_official_syllabus_and_textbook_TOC","low"
"8.1.2","38","government failure definition, causes and consequences","direct_named_components","3","provisional_scope_checked_against_official_syllabus_and_textbook_TOC","low"
"8.3.4","40","MRP calculation and derived labour demand","direct_named_components","2","provisional_scope_checked_against_official_syllabus_and_textbook_TOC","medium_math"
"9.2.5","42","inclusive growth: definition, equity/equality effects, policies","direct_named_components","3","provisional_scope_checked_against_official_syllabus_and_textbook_TOC","low"
"9.2.6","42","sustainability: definition, resources, environmental impacts, policy","direct_named_components","4","provisional_scope_checked_against_official_syllabus_and_textbook_TOC","low"
"9.3.4","43","natural unemployment rate: definition, drivers, policy implications","direct_named_components","3","provisional_scope_checked_against_official_syllabus_and_textbook_TOC","low"
"9.3.6","43","geographical/occupational mobility and limiting factors","direct_named_components","3","provisional_scope_checked_against_official_syllabus_and_textbook_TOC","low"
"9.4.7","44","money demand / liquidity preference; motives elaborated in coursebook Ch44","syllabus_broad_textbook_detail","4","provisional_scope_checked_against_official_syllabus_and_textbook_TOC","medium_model"
"9.4.8","44","Keynesian and loanable funds interest models with comparison","two_named_theories","3","provisional_scope_checked_against_official_syllabus_and_textbook_TOC","medium_model"
"10.2.5","46","traditional/expectations-augmented, SR/LR Phillips","direct_named_components","3","provisional_scope_checked_against_official_syllabus_and_textbook_TOC","medium_model"
"11.4.2","51","Lorenz interpretation plus Gini calculation","direct_named_components","2","provisional_scope_checked_against_official_syllabus_and_textbook_TOC","medium_math"
"11.5.3","52","MNC definition, activities, consequences","direct_named_components","3","provisional_scope_checked_against_official_syllabus_and_textbook_TOC","low"
"11.5.4","52","FDI definition and consequences; no portfolio requirement","direct_named_components","2","provisional_scope_checked_against_official_syllabus_and_textbook_TOC","low"
"11.5.5","52","external debt causes and consequences","direct_named_components","2","provisional_scope_checked_against_official_syllabus_and_textbook_TOC","low"
"11.6.1","53","globalisation meaning, causes and consequences","direct_named_components","3","provisional_scope_checked_against_official_syllabus_and_textbook_TOC","low"
