"priority_rank","official_point","provisional_skill_key","tour","chapter","level","source_draft_action","heuristic_risk_score","review_flags","atomicity_status","runtime_allowed"
"1","7.1.1","ECON-9708-7.1.1-BASE","4","30","A_LEVEL_ADDITION","Compute and interpret total utility and marginal utility","3","AND_COMPOUND;A_LEVEL","NOT_REVIEWED_ATOMICITY","false"
"2","7.1.4","ECON-9708-7.1.4-BASE","4","30","A_LEVEL_ADDITION","Derive the downward-sloping individual demand schedule from marginal utility","3","MATH_DIAGRAM;QUESTION_EVIDENCE_GAP;A_LEVEL","NOT_REVIEWED_ATOMICITY","false"
"3","7.2.1","ECON-9708-7.2.1-BASE","4","31","A_LEVEL_ADDITION","Read and interpret indifference maps and budget lines","3","AND_COMPOUND;A_LEVEL","NOT_REVIEWED_ATOMICITY","false"
"4","7.2.2","ECON-9708-7.2.2-BASE","4","31","A_LEVEL_ADDITION","Explain and draw changes in a budget line from income or price changes","3","AND_COMPOUND;A_LEVEL","NOT_REVIEWED_ATOMICITY","false"
"5","7.3.2","ECON-9708-7.3.2-BASE","4","32","A_LEVEL_ADDITION","State and apply productive- and allocative-efficiency conditions","3","AND_COMPOUND;A_LEVEL","NOT_REVIEWED_ATOMICITY","false"
"6","7.3.4","ECON-9708-7.3.4-BASE","4","32","A_LEVEL_ADDITION","Explain dynamic efficiency through investment and innovation","3","AND_COMPOUND;A_LEVEL","NOT_REVIEWED_ATOMICITY","false"
"7","7.4.7","ECON-9708-7.4.7-BASE","4","33","A_LEVEL_ADDITION","Compare policy options through original cost-benefit reasoning, without requiring NPV","3","COMPARISON;MULTI_COMPONENT_CONCEPT;A_LEVEL","NOT_REVIEWED_ATOMICITY","false"
"8","7.5.3","ECON-9708-7.5.3-BASE","4","34","A_LEVEL_ADDITION","Explain variable inputs and returns to scale in the long run","3","AND_COMPOUND;A_LEVEL","NOT_REVIEWED_ATOMICITY","false"
"9","7.5.4","ECON-9708-7.5.4-BASE","4","34","A_LEVEL_ADDITION","Interpret long-run average cost and minimum efficient scale","3","AND_COMPOUND;A_LEVEL","NOT_REVIEWED_ATOMICITY","false"
"10","7.7.5","ECON-9708-7.7.5-BASE","4","36","A_LEVEL_ADDITION","Analyse the principal–agent tension between managers and owners","3","AND_COMPOUND;A_LEVEL","NOT_REVIEWED_ATOMICITY","false"
"11","7.8.1","ECON-9708-7.8.1-BASE","4","37","A_LEVEL_ADDITION","Use marginal cost and marginal revenue to identify profit-maximising output","3","AND_COMPOUND;A_LEVEL","NOT_REVIEWED_ATOMICITY","false"
"12","8.2.2","ECON-9708-8.2.2-BASE","5","39","A_LEVEL_ADDITION","Analyse trade-offs or complementarities between equity and efficiency","3","AND_COMPOUND;A_LEVEL","NOT_REVIEWED_ATOMICITY","false"
"13","8.2.4","ECON-9708-8.2.4-BASE","5","39","A_LEVEL_ADDITION","Explain the poverty trap and how incentives/restrictions sustain it","3","AND_COMPOUND;A_LEVEL","NOT_REVIEWED_ATOMICITY","false"
"14","8.3.5","ECON-9708-8.3.5-BASE","5","40","A_LEVEL_ADDITION","Explain wage and non-wage influences on labour supply","3","AND_COMPOUND;A_LEVEL","NOT_REVIEWED_ATOMICITY","false"
"15","8.3.9","ECON-9708-8.3.9-BASE","5","40","A_LEVEL_ADDITION","Explain wage differentials through labour-demand and labour-supply determinants","3","AND_COMPOUND;A_LEVEL","NOT_REVIEWED_ATOMICITY","false"
"16","9.1.3","ECON-9708-9.1.3-BASE","6","41","A_LEVEL_ADDITION","Identify inflationary and deflationary gaps relative to full-employment national output","3","AND_COMPOUND;A_LEVEL","NOT_REVIEWED_ATOMICITY","false"
"17","9.2.2","ECON-9708-9.2.2-BASE","6","42","A_LEVEL_ADDITION","Interpret positive and negative output gaps using potential-output estimates","3","AND_COMPOUND;A_LEVEL","NOT_REVIEWED_ATOMICITY","false"
"18","9.3.5","ECON-9708-9.3.5-BASE","6","43","A_LEVEL_ADDITION","Interpret employment and unemployment trends with comparable data","3","AND_COMPOUND;A_LEVEL","NOT_REVIEWED_ATOMICITY","false"
"19","9.3.7","ECON-9708-9.3.7-BASE","6","43","A_LEVEL_ADDITION","Evaluate unemployment-reduction policies for different unemployment causes","3","EVALUATION;MULTI_COMPONENT_CONCEPT;A_LEVEL","NOT_REVIEWED_ATOMICITY","false"
"20","10.2.2","ECON-9708-10.2.2-BASE","6","46","A_LEVEL_ADDITION","Analyse two-way links between inflation and the balance of payments","3","AND_COMPOUND;A_LEVEL","NOT_REVIEWED_ATOMICITY","false"
"21","10.2.3","ECON-9708-10.2.3-BASE","6","46","A_LEVEL_ADDITION","Explain conflict or complementarity between growth and inflation","3","AND_COMPOUND;A_LEVEL","NOT_REVIEWED_ATOMICITY","false"
"22","10.2.4","ECON-9708-10.2.4-BASE","6","46","A_LEVEL_ADDITION","Analyse how growth affects imports, exports and external balance","3","AND_COMPOUND;A_LEVEL","NOT_REVIEWED_ATOMICITY","false"
"23","11.2.2","ECON-9708-11.2.2-BASE","7","49","A_LEVEL_ADDITION","Explain how fixed and managed exchange rates are maintained under supply-demand pressures","3","AND_COMPOUND;A_LEVEL","NOT_REVIEWED_ATOMICITY","false"
"24","11.2.4","ECON-9708-11.2.4-BASE","7","49","A_LEVEL_ADDITION","Analyse exchange-rate changes and adjustment across fixed, managed and floating regimes","3","AND_COMPOUND;A_LEVEL","NOT_REVIEWED_ATOMICITY","false"
"25","11.2.5","ECON-9708-11.2.5-BASE","7","49","A_LEVEL_ADDITION","Apply Marshall–Lerner and J-curve logic to external adjustment after depreciation or devaluation","3","AND_COMPOUND;A_LEVEL","NOT_REVIEWED_ATOMICITY","false"
"26","11.3.1","ECON-9708-11.3.1-BASE","7","50","A_LEVEL_ADDITION","Classify economies according to stages and dimensions of development","3","AND_COMPOUND;A_LEVEL","NOT_REVIEWED_ATOMICITY","false"
"27","11.5.6","ECON-9708-11.5.6-BASE","7","52","A_LEVEL_ADDITION","Explain IMF lending, conditionality and macroeconomic adjustment programmes","3","AND_COMPOUND;A_LEVEL","NOT_REVIEWED_ATOMICITY","false"
"28","11.6.3","ECON-9708-11.6.3-BASE","7","53","A_LEVEL_ADDITION","Explain and analyse trade creation versus trade diversion","3","AND_COMPOUND;A_LEVEL","NOT_REVIEWED_ATOMICITY","false"
"29","1.1.2","ECON-9708-1.1.2-BASE","1","1","AS","Explain choices by people, businesses and governments","2","AND_COMPOUND","NOT_REVIEWED_ATOMICITY","false"
"30","1.2.4","ECON-9708-1.2.4-BASE","1","2","AS","Choose appropriate short-, long- and very-long-run frames","2","AND_COMPOUND","NOT_REVIEWED_ATOMICITY","false"
"31","1.3.2","ECON-9708-1.3.2-BASE","1","3","AS","Compare skills-based human capital with physical capital","2","COMPARISON;QUESTION_EVIDENCE_GAP","NOT_REVIEWED_ATOMICITY","false"
"32","1.3.4","ECON-9708-1.3.4-BASE","1","3","AS","Explain benefits and limits of specialised production","2","AND_COMPOUND","NOT_REVIEWED_ATOMICITY","false"
"33","1.3.5","ECON-9708-1.3.5-BASE","1","3","AS","Explain entrepreneurial coordination and risk-taking","2","AND_COMPOUND","NOT_REVIEWED_ATOMICITY","false"
"34","1.5.1","ECON-9708-1.5.1-BASE","1","5","AS","Read and sketch a production possibility frontier","2","AND_COMPOUND","NOT_REVIEWED_ATOMICITY","false"
"35","1.5.3","ECON-9708-1.5.3-BASE","1","5","AS","Identify and reason about inward/outward PPC shifts","2","AND_COMPOUND","NOT_REVIEWED_ATOMICITY","false"
"36","1.5.4","ECON-9708-1.5.4-BASE","1","5","AS","Interpret feasible, efficient and currently unattainable points on a PPC","2","AND_COMPOUND","NOT_REVIEWED_ATOMICITY","false"
"37","1.6.1","ECON-9708-1.6.1-BASE","1","6","AS","Distinguish free goods from scarce privately consumed goods","2","COMPARISON;QUESTION_EVIDENCE_GAP","NOT_REVIEWED_ATOMICITY","false"
"38","2.1.1","ECON-9708-2.1.1-BASE","1","7","AS","Identify effective demand backed by ability and willingness to pay","2","AND_COMPOUND","NOT_REVIEWED_ATOMICITY","false"
"39","2.1.2","ECON-9708-2.1.2-BASE","1","7","AS","Build individual and aggregate market demand/supply schedules","2","AND_COMPOUND","NOT_REVIEWED_ATOMICITY","false"
"40","2.1.3","ECON-9708-2.1.3-BASE","1","7","AS","Classify and apply demand determinants","2","AND_COMPOUND","NOT_REVIEWED_ATOMICITY","false"
"41","2.1.4","ECON-9708-2.1.4-BASE","1","7","AS","Classify and apply supply determinants","2","AND_COMPOUND","NOT_REVIEWED_ATOMICITY","false"
"42","2.2.7","ECON-9708-2.2.7-BASE","1","8","AS","Explain how PED affects spending and firms' total revenue","2","AND_COMPOUND","NOT_REVIEWED_ATOMICITY","false"
"43","2.3.3","ECON-9708-2.3.3-BASE","1","9","AS","Interpret PES coefficient size and sign","2","AND_COMPOUND","NOT_REVIEWED_ATOMICITY","false"
"44","2.3.4","ECON-9708-2.3.4-BASE","1","9","AS","Explain why PES differs across products and time frames","2","AND_COMPOUND","NOT_REVIEWED_ATOMICITY","false"
"45","2.4.2","ECON-9708-2.4.2-BASE","1","10","AS","Predict new price/quantity after shifts in supply and demand","2","AND_COMPOUND","NOT_REVIEWED_ATOMICITY","false"
"46","2.5.3","ECON-9708-2.5.3-BASE","1","11","AS","Explain why consumer and producer surplus change","2","AND_COMPOUND","NOT_REVIEWED_ATOMICITY","false"
"47","3.2.1","ECON-9708-3.2.1-BASE","2","13","AS","Analyse how indirect tax affects price, output and the tax burden","2","AND_COMPOUND","NOT_REVIEWED_ATOMICITY","false"
"48","3.3.2","ECON-9708-3.3.2-BASE","2","14","AS","Interpret Lorenz curves and Gini coefficients as inequality measures","2","AND_COMPOUND","NOT_REVIEWED_ATOMICITY","false"
"49","4.3.2","ECON-9708-4.3.2-BASE","2","17","AS","Compose aggregate demand using C, I, G, X and M","2","AND_COMPOUND","NOT_REVIEWED_ATOMICITY","false"
"50","4.3.9","ECON-9708-4.3.9-BASE","2","17","AS","Explain shifts in short-run and long-run aggregate supply","2","AND_COMPOUND","NOT_REVIEWED_ATOMICITY","false"
"51","4.5.1","ECON-9708-4.5.1-BASE","2","19","AS","Define unemployment and labour force","2","AND_COMPOUND","NOT_REVIEWED_ATOMICITY","false"
"52","4.5.3","ECON-9708-4.5.3-BASE","2","19","AS","Classify and explain frictional, structural, cyclical, seasonal and technological unemployment","2","AND_COMPOUND","NOT_REVIEWED_ATOMICITY","false"
"53","4.6.2","ECON-9708-4.6.2-BASE","2","20","AS","Use CPI data and explain challenges of measuring price change","2","AND_COMPOUND","NOT_REVIEWED_ATOMICITY","false"
"54","5.3.4","ECON-9708-5.3.4-BASE","3","23","AS","Trace monetary measures through AD/AS to employment, output and prices","2","AND_COMPOUND","NOT_REVIEWED_ATOMICITY","false"
"55","5.4.4","ECON-9708-5.4.4-BASE","3","24","AS","Analyse supply-side impacts with AD/AS on real activity and prices","2","AND_COMPOUND","NOT_REVIEWED_ATOMICITY","false"
"56","6.2.1","ECON-9708-6.2.1-BASE","3","26","AS","Define protectionism and identify its purpose","2","AND_COMPOUND","NOT_REVIEWED_ATOMICITY","false"
"57","6.3.1","ECON-9708-6.3.1-BASE","3","27","AS","Classify goods, services, primary and secondary income in the current account","2","AND_COMPOUND","NOT_REVIEWED_ATOMICITY","false"
"58","6.4.2","ECON-9708-6.4.2-BASE","3","28","AS","Show floating exchange rate determined by currency supply and demand","2","AND_COMPOUND","NOT_REVIEWED_ATOMICITY","false"
"59","6.4.4","ECON-9708-6.4.4-BASE","3","28","AS","Explain shifts in currency demand and supply","2","AND_COMPOUND","NOT_REVIEWED_ATOMICITY","false"
"60","7.2.4","ECON-9708-7.2.4-BASE","4","31","A_LEVEL_ADDITION","Evaluate assumptions of indifference-curve analysis","2","EVALUATION;A_LEVEL","NOT_REVIEWED_ATOMICITY","false"
"61","7.3.1","ECON-9708-7.3.1-BASE","4","32","A_LEVEL_ADDITION","Distinguish productive from allocative efficiency","2","COMPARISON;A_LEVEL","NOT_REVIEWED_ATOMICITY","false"
"62","7.3.3","ECON-9708-7.3.3-BASE","4","32","A_LEVEL_ADDITION","Test whether a reallocation represents a Pareto improvement","2","QUESTION_EVIDENCE_GAP;A_LEVEL","NOT_REVIEWED_ATOMICITY","false"
"63","7.4.5","ECON-9708-7.4.5-BASE","4","33","A_LEVEL_ADDITION","Calculate or illustrate welfare loss from market outcomes with externalities","2","MATH_DIAGRAM;A_LEVEL","NOT_REVIEWED_ATOMICITY","false"
"64","8.2.1","ECON-9708-8.2.1-BASE","5","39","A_LEVEL_ADDITION","Differentiate equal treatment/outcomes from equitable distribution","2","COMPARISON;A_LEVEL","NOT_REVIEWED_ATOMICITY","false"
"65","8.2.3","ECON-9708-8.2.3-BASE","5","39","A_LEVEL_ADDITION","Distinguish absolute from relative poverty in a country-specific context","2","COMPARISON;A_LEVEL","NOT_REVIEWED_ATOMICITY","false"
"66","8.3.1","ECON-9708-8.3.1-BASE","5","40","A_LEVEL_ADDITION","Derive labour demand from demand for its final output","2","MATH_DIAGRAM;A_LEVEL","NOT_REVIEWED_ATOMICITY","false"
"67","8.3.6","ECON-9708-8.3.6-BASE","5","40","A_LEVEL_ADDITION","Distinguish labour-supply shifts from wage-driven movements along the curve","2","COMPARISON;A_LEVEL","NOT_REVIEWED_ATOMICITY","false"
"68","9.2.1","ECON-9708-9.2.1-BASE","6","42","A_LEVEL_ADDITION","Differentiate actual output growth from growth in productive capacity","2","COMPARISON;A_LEVEL","NOT_REVIEWED_ATOMICITY","false"
"69","9.4.6","ECON-9708-9.4.6-BASE","6","44","A_LEVEL_ADDITION","Evaluate disinflation strategies in light of the source of inflation","2","EVALUATION;A_LEVEL","NOT_REVIEWED_ATOMICITY","false"
"70","11.1.3","ECON-9708-11.1.3-BASE","7","48","A_LEVEL_ADDITION","Differentiate expenditure switching from expenditure reduction using balance-of-payments scenarios","2","COMPARISON;A_LEVEL","NOT_REVIEWED_ATOMICITY","false"
"71","11.2.3","ECON-9708-11.2.3-BASE","7","49","A_LEVEL_ADDITION","Distinguish an official revaluation from devaluation of a pegged currency","2","COMPARISON;A_LEVEL","NOT_REVIEWED_ATOMICITY","false"
"72","1.2.1","ECON-9708-1.2.1-BASE","1","2","AS","Explain what makes economics a social science","1","QUESTION_EVIDENCE_GAP","NOT_REVIEWED_ATOMICITY","false"
"73","1.2.2","ECON-9708-1.2.2-BASE","1","2","AS","Distinguish testable positive claims from normative value claims","1","COMPARISON","NOT_REVIEWED_ATOMICITY","false"
"74","1.3.3","ECON-9708-1.3.3-BASE","1","3","AS","Associate each factor of production with its income reward","1","MULTI_COMPONENT_CONCEPT","NOT_REVIEWED_ATOMICITY","false"
"75","1.4.1","ECON-9708-1.4.1-BASE","1","4","AS","Compare who makes allocation decisions across economic systems","1","COMPARISON","NOT_REVIEWED_ATOMICITY","false"
"76","2.2.5","ECON-9708-2.2.5-BASE","1","8","AS","Analyse how elasticity changes along a linear demand curve","1","QUESTION_EVIDENCE_GAP","NOT_REVIEWED_ATOMICITY","false"
"77","2.3.2","ECON-9708-2.3.2-BASE","1","9","AS","Calculate PES using percentage changes","1","MATH_DIAGRAM","NOT_REVIEWED_ATOMICITY","false"
"78","2.3.5","ECON-9708-2.3.5-BASE","1","9","AS","Assess firms' ability to respond quickly to changing prices","1","EVALUATION","NOT_REVIEWED_ATOMICITY","false"
"79","2.5.1","ECON-9708-2.5.1-BASE","1","11","AS","Calculate/interpret consumer surplus on a demand-supply graph","1","MATH_DIAGRAM","NOT_REVIEWED_ATOMICITY","false"
"80","2.5.2","ECON-9708-2.5.2-BASE","1","11","AS","Calculate/interpret producer surplus on a demand-supply graph","1","MATH_DIAGRAM","NOT_REVIEWED_ATOMICITY","false"
"81","2.5.4","ECON-9708-2.5.4-BASE","1","11","AS","Reason how PED/PES affect the size of surplus changes","1","QUESTION_EVIDENCE_GAP","NOT_REVIEWED_ATOMICITY","false"
"82","3.2.5","ECON-9708-3.2.5-BASE","2","13","AS","Explain how buffer stocks stabilise prices","1","QUESTION_EVIDENCE_GAP","NOT_REVIEWED_ATOMICITY","false"
"83","3.2.6","ECON-9708-3.2.6-BASE","2","13","AS","Discuss provision of information as a corrective policy","1","MULTI_COMPONENT_CONCEPT","NOT_REVIEWED_ATOMICITY","false"
"84","3.3.1","ECON-9708-3.3.1-BASE","2","14","AS","Distinguish an income flow from accumulated wealth","1","COMPARISON","NOT_REVIEWED_ATOMICITY","false"
"85","3.3.3","ECON-9708-3.3.3-BASE","2","14","AS","Explain underlying reasons for income/wealth inequality","1","QUESTION_EVIDENCE_GAP","NOT_REVIEWED_ATOMICITY","false"
"86","4.1.1","ECON-9708-4.1.1-BASE","2","15","AS","Identify national income as a flow measure of production/income","1","MATH_DIAGRAM","NOT_REVIEWED_ATOMICITY","false"
"87","4.3.4","ECON-9708-4.3.4-BASE","2","17","AS","Interpret why an aggregate-demand curve slopes down","1","QUESTION_EVIDENCE_GAP","NOT_REVIEWED_ATOMICITY","false"
"88","4.3.7","ECON-9708-4.3.7-BASE","2","17","AS","Explain factors determining aggregate supply","1","MULTI_COMPONENT_CONCEPT","NOT_REVIEWED_ATOMICITY","false"
"89","4.4.2","ECON-9708-4.4.2-BASE","2","18","AS","Measure economic growth with suitable GDP comparisons","1","MATH_DIAGRAM","NOT_REVIEWED_ATOMICITY","false"
"90","4.4.3","ECON-9708-4.4.3-BASE","2","18","AS","Distinguish real from nominal GDP growth","1","COMPARISON","NOT_REVIEWED_ATOMICITY","false"
"91","4.4.4","ECON-9708-4.4.4-BASE","2","18","AS","Explain causes of economic growth","1","MULTI_COMPONENT_CONCEPT","NOT_REVIEWED_ATOMICITY","false"
"92","4.6.3","ECON-9708-4.6.3-BASE","2","20","AS","Distinguish inflation-adjusted real magnitudes from nominal data","1","COMPARISON","NOT_REVIEWED_ATOMICITY","false"
"93","4.6.4","ECON-9708-4.6.4-BASE","2","20","AS","Compare demand-pull inflation with cost-push inflation","1","COMPARISON","NOT_REVIEWED_ATOMICITY","false"
"94","5.2.6","ECON-9708-5.2.6-BASE","3","22","AS","Distinguish fiscal expansion from fiscal contraction","1","COMPARISON","NOT_REVIEWED_ATOMICITY","false"
"95","5.4.1","ECON-9708-5.4.1-BASE","3","24","AS","Explain how supply-side policies affect long-run aggregate supply","1","MULTI_COMPONENT_CONCEPT","NOT_REVIEWED_ATOMICITY","false"
"96","6.1.1","ECON-9708-6.1.1-BASE","3","25","AS","Distinguish absolute advantage from comparative advantage","1","COMPARISON","NOT_REVIEWED_ATOMICITY","false"
"97","6.4.5","ECON-9708-6.4.5-BASE","3","28","AS","Use AD/AS to explain effects of exchange changes on domestic macroeconomy","1","MULTI_COMPONENT_CONCEPT","NOT_REVIEWED_ATOMICITY","false"
"98","7.1.2","ECON-9708-7.1.2-BASE","4","30","A_LEVEL_ADDITION","Explain why marginal utility typically falls as consumption increases","1","A_LEVEL","NOT_REVIEWED_ATOMICITY","false"
"99","7.1.3","ECON-9708-7.1.3-BASE","4","30","A_LEVEL_ADDITION","Apply the equi-marginal allocation rule to purchases","1","A_LEVEL","NOT_REVIEWED_ATOMICITY","false"
"100","7.3.5","ECON-9708-7.3.5-BASE","4","32","A_LEVEL_ADDITION","Identify outcomes characterised as market failure","1","A_LEVEL","NOT_REVIEWED_ATOMICITY","false"
"101","7.5.5","ECON-9708-7.5.5-BASE","4","34","A_LEVEL_ADDITION","Explain why internal or external scale advantages reduce average costs","1","A_LEVEL","NOT_REVIEWED_ATOMICITY","false"
"102","7.7.1","ECON-9708-7.7.1-BASE","4","36","A_LEVEL_ADDITION","Explain why firms operating in the same industry differ in size","1","A_LEVEL","NOT_REVIEWED_ATOMICITY","false"
"103","8.3.2","ECON-9708-8.3.2-BASE","5","40","A_LEVEL_ADDITION","Explain determinants of demand for labour in firms or occupations","1","A_LEVEL","NOT_REVIEWED_ATOMICITY","false"
"104","8.3.3","ECON-9708-8.3.3-BASE","5","40","A_LEVEL_ADDITION","Separate labour-demand curve shifts from movements along it","1","A_LEVEL","NOT_REVIEWED_ATOMICITY","false"
"105","10.2.1","ECON-9708-10.2.1-BASE","6","46","A_LEVEL_ADDITION","Explain how a change in the internal value of money relates to its external currency value","1","A_LEVEL","NOT_REVIEWED_ATOMICITY","false"
"106","11.3.2","ECON-9708-11.3.2-BASE","7","50","A_LEVEL_ADDITION","Categorise economies by national-income group, with measurement cautions","1","A_LEVEL","NOT_REVIEWED_ATOMICITY","false"
"107","1.1.1","ECON-9708-1.1.1-BASE","1","1","AS","Recognise resource scarcity against competing wants","0","","NOT_REVIEWED_ATOMICITY","false"
"108","1.1.3","ECON-9708-1.1.3-BASE","1","1","AS","Identify the next-best alternative sacrificed by a choice","0","","NOT_REVIEWED_ATOMICITY","false"
"109","1.2.3","ECON-9708-1.2.3-BASE","1","2","AS","Use the other-things-equal assumption correctly","0","","NOT_REVIEWED_ATOMICITY","false"
"110","1.6.2","ECON-9708-1.6.2-BASE","1","6","AS","Apply non-excludability/non-rivalry to identify public goods","0","","NOT_REVIEWED_ATOMICITY","false"
"111","1.6.3","ECON-9708-1.6.3-BASE","1","6","AS","Explain under-consumption of merit goods under imperfect information","0","","NOT_REVIEWED_ATOMICITY","false"
"112","1.6.4","ECON-9708-1.6.4-BASE","1","6","AS","Explain over-consumption of demerit goods under imperfect information","0","","NOT_REVIEWED_ATOMICITY","false"
"113","2.1.5","ECON-9708-2.1.5-BASE","1","7","AS","Predict demand-curve shifts from non-price events","0","","NOT_REVIEWED_ATOMICITY","false"
"114","2.1.6","ECON-9708-2.1.6-BASE","1","7","AS","Predict supply-curve shifts from non-price events","0","","NOT_REVIEWED_ATOMICITY","false"
"115","2.1.7","ECON-9708-2.1.7-BASE","1","7","AS","Separate movement along a curve from shifting the whole curve","0","","NOT_REVIEWED_ATOMICITY","false"
"116","2.2.4","ECON-9708-2.2.4-BASE","1","8","AS","Classify perfectly elastic through perfectly inelastic cases","0","","NOT_REVIEWED_ATOMICITY","false"
"117","2.2.8","ECON-9708-2.2.8-BASE","1","8","AS","Select an economically sound decision using demand elasticities","0","","NOT_REVIEWED_ATOMICITY","false"
"118","2.3.1","ECON-9708-2.3.1-BASE","1","9","AS","Define price elasticity of supply","0","","NOT_REVIEWED_ATOMICITY","false"
"119","3.1.1","ECON-9708-3.1.1-BASE","2","12","AS","Identify why private markets may not supply public goods","0","","NOT_REVIEWED_ATOMICITY","false"
"120","3.1.2","ECON-9708-3.1.2-BASE","2","12","AS","Explain intervention where merit goods are under-consumed or demerit goods over-consumed","0","","NOT_REVIEWED_ATOMICITY","false"
"121","3.1.3","ECON-9708-3.1.3-BASE","2","12","AS","Explain reasons for controlling a market price","0","","NOT_REVIEWED_ATOMICITY","false"
"122","4.1.3","ECON-9708-4.1.3-BASE","2","15","AS","Convert market-price national income data to basic prices","0","","NOT_REVIEWED_ATOMICITY","false"
"123","4.1.4","ECON-9708-4.1.4-BASE","2","15","AS","Convert gross national accounting measures into net measures","0","","NOT_REVIEWED_ATOMICITY","false"
"124","4.2.2","ECON-9708-4.2.2-BASE","2","16","AS","Identify leakages/injections without a multiplier calculation","0","","NOT_REVIEWED_ATOMICITY","false"
"125","4.2.3","ECON-9708-4.2.3-BASE","2","16","AS","Predict equilibrium/disequilibrium from income flows","0","","NOT_REVIEWED_ATOMICITY","false"
"126","4.3.1","ECON-9708-4.3.1-BASE","2","17","AS","Define aggregate demand","0","","NOT_REVIEWED_ATOMICITY","false"
"127","4.3.3","ECON-9708-4.3.3-BASE","2","17","AS","Reason how economic conditions affect aggregate demand","0","","NOT_REVIEWED_ATOMICITY","false"
"128","4.3.5","ECON-9708-4.3.5-BASE","2","17","AS","Model aggregate-demand shifts using appropriate diagrams","0","","NOT_REVIEWED_ATOMICITY","false"
"129","4.3.6","ECON-9708-4.3.6-BASE","2","17","AS","Define aggregate supply in macroeconomic analysis","0","","NOT_REVIEWED_ATOMICITY","false"
"130","4.4.1","ECON-9708-4.4.1-BASE","2","18","AS","Define growth in real economic output","0","","NOT_REVIEWED_ATOMICITY","false"
"131","5.2.1","ECON-9708-5.2.1-BASE","3","22","AS","Explain what a government budget records","0","","NOT_REVIEWED_ATOMICITY","false"
"132","5.4.2","ECON-9708-5.4.2-BASE","3","24","AS","Link productivity growth with the economy's productive capacity","0","","NOT_REVIEWED_ATOMICITY","false"
"133","6.1.4","ECON-9708-6.1.4-BASE","3","25","AS","Critique simplifying assumptions of absolute/comparative advantage models","0","","NOT_REVIEWED_ATOMICITY","false"
"134","6.4.1","ECON-9708-6.4.1-BASE","3","28","AS","Define exchange rates with correct currency units","0","","NOT_REVIEWED_ATOMICITY","false"
"135","6.5.1","ECON-9708-6.5.1-BASE","3","29","AS","Explain CA stability as a government external-sector objective","0","","NOT_REVIEWED_ATOMICITY","false"
