"parent_point_a","parent_point_b","overlap_review_class","scope_boundary","decision","child_level_verified_questions","academic_review","runtime_change"
"7.1.1","7.1.4","TOTAL_MARGINAL_UTILITY_VS_DEMAND_DERIVATION","TU/MU measurement is prerequisite to utility-based individual demand, not evidence the same examination action is performed.","KEEP_DISTINCT_PENDING_CANONICAL_REVIEW","NONE_VERIFIED","NOT_APPROVED","false"
"7.2.1","7.2.2","CURVE_LINE_MEANING_VS_BUDGET_CHANGE","Meaning of the budget line differs from explaining why the budget line moves.","KEEP_DISTINCT_PENDING_CANONICAL_REVIEW","NONE_VERIFIED","NOT_APPROVED","false"
"7.2.2","7.2.3","BUDGET_MOVEMENT_VS_PRICE_SUBSTITUTION_INCOME","A shifted/rotated constraint does not prove mastery of substitution and income effects of different types of goods.","KEEP_DISTINCT_PENDING_CANONICAL_REVIEW","NONE_VERIFIED","NOT_APPROVED","false"
"7.3.1","7.3.2","EFFICIENCY_DEFINITIONS_VS_CONDITIONS","Defining productive/allocative efficiency and applying their conditions are different cognitive operations.","KEEP_DISTINCT_PENDING_CANONICAL_REVIEW","NONE_VERIFIED","NOT_APPROVED","false"
"7.5.3","7.5.4","LONG_RUN_PRODUCTION_VS_COST","Returns to scale are production relationships; the LRAC curve and minimum efficient scale are cost relationships.","KEEP_DISTINCT_PENDING_CANONICAL_REVIEW","NONE_VERIFIED","NOT_APPROVED","false"
"7.7.5","7.8.2","PRINCIPAL_AGENT_VS_FIRM_OBJECTIVES","An owner–manager incentive conflict is not the same as identifying survival, sales, revenue or profit-satisficing objectives.","KEEP_DISTINCT_PENDING_CANONICAL_REVIEW","NONE_VERIFIED","NOT_APPROVED","false"
"7.8.1","7.6.4","GENERAL_PROFIT_MAXIMUM_VS_MARKET_STRUCTURE","MR=MC profit-maximising logic must not automatically validate short- and long-run firm outcomes across market structures.","KEEP_DISTINCT_PENDING_CANONICAL_REVIEW","NONE_VERIFIED","NOT_APPROVED","false"
"8.3.5","8.3.6","LABOUR_SUPPLY_DETERMINANTS_VS_CURVE_MOVEMENT","Identifying wage/nonwage determinants does not itself demonstrate correct shift-vs-movement graph interpretation.","KEEP_DISTINCT_PENDING_CANONICAL_REVIEW","NONE_VERIFIED","NOT_APPROVED","false"
"9.1.3","9.2.2","INFLATIONARY_GAP_VS_OUTPUT_GAP","National-income equilibrium/full-employment gaps and actual-versus-potential output gaps are closely related but have different scope/context.","KEEP_DISTINCT_PENDING_CANONICAL_REVIEW","NONE_VERIFIED","NOT_APPROVED","false"
"9.3.5","9.3.7","UNEMPLOYMENT_DATA_VS_POLICY_EVALUATION","Reading patterns and trends differs from evaluating unemployment policies.","KEEP_DISTINCT_PENDING_CANONICAL_REVIEW","NONE_VERIFIED","NOT_APPROVED","false"
"11.2.2","11.2.4","EXCHANGE_REGIME_DETERMINATION_VS_CHANGE","How fixed/managed systems determine/maintain rates differs from explaining changes across regimes.","KEEP_DISTINCT_PENDING_CANONICAL_REVIEW","NONE_VERIFIED","NOT_APPROVED","false"
"11.2.4","11.2.5","EXCHANGE_CHANGE_VS_ML_AND_J_CURVE","Explaining exchange-rate movements is not the same as explaining external effects via Marshall–Lerner and J-curve.","KEEP_DISTINCT_PENDING_CANONICAL_REVIEW","NONE_VERIFIED","NOT_APPROVED","false"
"11.5.6","11.5.7","IMF_ROLE_VS_WORLD_BANK_ROLE","Distinct institutions and functions; do not merge merely because both concern development finance.","KEEP_DISTINCT_PENDING_CANONICAL_REVIEW","NONE_VERIFIED","NOT_APPROVED","false"
"7.4.7","8.1.1","COST_BENEFIT_DECISION_VS_POLICY_INSTRUMENT","Cost-benefit reasoning is a general decision analysis; individual intervention policy instruments are separate assessed capabilities.","KEEP_DISTINCT_PENDING_CANONICAL_REVIEW","NONE_VERIFIED","NOT_APPROVED","false"
