"official_syllabus_point","qualification","tour","book_chapter","provisional_atomic_skill_count","provisional_skill_keys","parent_level_overview_draft_EN","parent_level_overview_draft_RU","parent_level_overview_draft_UZ","parent_overview_source_file","approved_atomic_theory_cards","approved_atomic_tutor_cards","verified_precise_question_to_skill_links","structural_status","academic_teacher_signoff","three_language_signoff","rights_review","runtime_allowed"
"1.1.1","AS","1","1","1","ECON-9708-1.1.1-BASE","ABSENT","ABSENT","ABSENT","","0","0","0","PARENT_SCOPE_PROVISIONAL_REVIEWED","PENDING","PENDING","PENDING","false"
"1.1.2","AS","1","1","1","ECON-9708-1.1.2-BASE","ABSENT","ABSENT","ABSENT","","0","0","0","PARENT_SCOPE_PROVISIONAL_REVIEWED","PENDING","PENDING","PENDING","false"
"1.1.3","AS","1","1","1","ECON-9708-1.1.3-BASE","ABSENT","ABSENT","ABSENT","","0","0","0","PARENT_SCOPE_PROVISIONAL_REVIEWED","PENDING","PENDING","PENDING","false"
"1.1.4","AS","1","1","3","ECON-9708-1.1.4-01;ECON-9708-1.1.4-02;ECON-9708-1.1.4-03","ABSENT","ABSENT","ABSENT","","0","0","0","PARENT_SCOPE_PROVISIONAL_REVIEWED","PENDING","PENDING","PENDING","false"
"1.2.1","AS","1","2","1","ECON-9708-1.2.1-BASE","DRAFT_UNAPPROVED","DRAFT_UNAPPROVED","DRAFT_UNAPPROVED","economics-9708-trilingual-partial-gap-batch5-v0.json","0","0","0","PARENT_SCOPE_PROVISIONAL_REVIEWED","PENDING","PENDING","PENDING","false"
"1.2.2","AS","1","2","1","ECON-9708-1.2.2-BASE","ABSENT","ABSENT","ABSENT","","0","0","0","PARENT_SCOPE_PROVISIONAL_REVIEWED","PENDING","PENDING","PENDING","false"
"1.2.3","AS","1","2","1","ECON-9708-1.2.3-BASE","ABSENT","ABSENT","ABSENT","","0","0","0","PARENT_SCOPE_PROVISIONAL_REVIEWED","PENDING","PENDING","PENDING","false"
"1.2.4","AS","1","2","1","ECON-9708-1.2.4-BASE","ABSENT","ABSENT","ABSENT","","0","0","0","PARENT_SCOPE_PROVISIONAL_REVIEWED","PENDING","PENDING","PENDING","false"
"1.3.1","AS","1","3","4","ECON-9708-1.3.1-01;ECON-9708-1.3.1-02;ECON-9708-1.3.1-03;ECON-9708-1.3.1-04","DRAFT_UNAPPROVED","DRAFT_UNAPPROVED","DRAFT_UNAPPROVED","economics-9708-trilingual-partial-gap-batch5-v0.json","0","0","0","PARENT_SCOPE_PROVISIONAL_REVIEWED","PENDING","PENDING","PENDING","false"
"1.3.2","AS","1","3","1","ECON-9708-1.3.2-BASE","DRAFT_UNAPPROVED","DRAFT_UNAPPROVED","DRAFT_UNAPPROVED","economics-9708-trilingual-partial-gap-batch5-v0.json","0","0","0","PARENT_SCOPE_PROVISIONAL_REVIEWED","PENDING","PENDING","PENDING","false"
"1.3.3","AS","1","3","1","ECON-9708-1.3.3-BASE","ABSENT","ABSENT","ABSENT","","0","0","0","PARENT_SCOPE_PROVISIONAL_REVIEWED","PENDING","PENDING","PENDING","false"
"1.3.4","AS","1","3","1","ECON-9708-1.3.4-BASE","ABSENT","ABSENT","ABSENT","","0","0","0","PARENT_SCOPE_PROVISIONAL_REVIEWED","PENDING","PENDING","PENDING","false"
"1.3.5","AS","1","3","1","ECON-9708-1.3.5-BASE","ABSENT","ABSENT","ABSENT","","0","0","0","PARENT_SCOPE_PROVISIONAL_REVIEWED","PENDING","PENDING","PENDING","false"
"1.4.1","AS","1","4","1","ECON-9708-1.4.1-BASE","ABSENT","ABSENT","ABSENT","","0","0","0","PARENT_SCOPE_PROVISIONAL_REVIEWED","PENDING","PENDING","PENDING","false"
"1.4.2","AS","1","4","1","ECON-9708-1.4.2-BASE","ABSENT","ABSENT","ABSENT","","0","0","0","PARENT_SCOPE_PROVISIONAL_REVIEWED","PENDING","PENDING","PENDING","false"
"1.5.1","AS","1","5","1","ECON-9708-1.5.1-BASE","ABSENT","ABSENT","ABSENT","","0","0","0","PARENT_SCOPE_PROVISIONAL_REVIEWED","PENDING","PENDING","PENDING","false"
"1.5.2","AS","1","5","2","ECON-9708-1.5.2-01;ECON-9708-1.5.2-02","ABSENT","ABSENT","ABSENT","","0","0","0","PARENT_SCOPE_PROVISIONAL_REVIEWED","PENDING","PENDING","PENDING","false"
"1.5.3","AS","1","5","2","ECON-9708-1.5.3-01;ECON-9708-1.5.3-02","ABSENT","ABSENT","ABSENT","","0","0","0","PARENT_SCOPE_PROVISIONAL_REVIEWED","PENDING","PENDING","PENDING","false"
"1.5.4","AS","1","5","1","ECON-9708-1.5.4-BASE","ABSENT","ABSENT","ABSENT","","0","0","0","PARENT_SCOPE_PROVISIONAL_REVIEWED","PENDING","PENDING","PENDING","false"
"1.6.1","AS","1","6","1","ECON-9708-1.6.1-BASE","DRAFT_UNAPPROVED","DRAFT_UNAPPROVED","DRAFT_UNAPPROVED","economics-9708-trilingual-theory-tutor-batch2-v0.json","0","0","0","PARENT_SCOPE_PROVISIONAL_REVIEWED","PENDING","PENDING","PENDING","false"
"1.6.2","AS","1","6","1","ECON-9708-1.6.2-BASE","ABSENT","ABSENT","ABSENT","","0","0","0","PARENT_SCOPE_PROVISIONAL_REVIEWED","PENDING","PENDING","PENDING","false"
"1.6.3","AS","1","6","1","ECON-9708-1.6.3-BASE","ABSENT","ABSENT","ABSENT","","0","0","0","PARENT_SCOPE_PROVISIONAL_REVIEWED","PENDING","PENDING","PENDING","false"
"1.6.4","AS","1","6","1","ECON-9708-1.6.4-BASE","ABSENT","ABSENT","ABSENT","","0","0","0","PARENT_SCOPE_PROVISIONAL_REVIEWED","PENDING","PENDING","PENDING","false"
"2.1.1","AS","1","7","1","ECON-9708-2.1.1-BASE","ABSENT","ABSENT","ABSENT","","0","0","0","PARENT_SCOPE_PROVISIONAL_REVIEWED","PENDING","PENDING","PENDING","false"
"2.1.2","AS","1","7","2","ECON-9708-2.1.2-01;ECON-9708-2.1.2-02","ABSENT","ABSENT","ABSENT","","0","0","0","PARENT_SCOPE_PROVISIONAL_REVIEWED","PENDING","PENDING","PENDING","false"
"2.1.3","AS","1","7","1","ECON-9708-2.1.3-BASE","ABSENT","ABSENT","ABSENT","","0","0","0","PARENT_SCOPE_PROVISIONAL_REVIEWED","PENDING","PENDING","PENDING","false"
"2.1.4","AS","1","7","1","ECON-9708-2.1.4-BASE","ABSENT","ABSENT","ABSENT","","0","0","0","PARENT_SCOPE_PROVISIONAL_REVIEWED","PENDING","PENDING","PENDING","false"
"2.1.5","AS","1","7","1","ECON-9708-2.1.5-BASE","ABSENT","ABSENT","ABSENT","","0","0","0","PARENT_SCOPE_PROVISIONAL_REVIEWED","PENDING","PENDING","PENDING","false"
"2.1.6","AS","1","7","1","ECON-9708-2.1.6-BASE","ABSENT","ABSENT","ABSENT","","0","0","0","PARENT_SCOPE_PROVISIONAL_REVIEWED","PENDING","PENDING","PENDING","false"
"2.1.7","AS","1","7","1","ECON-9708-2.1.7-BASE","ABSENT","ABSENT","ABSENT","","0","0","0","PARENT_SCOPE_PROVISIONAL_REVIEWED","PENDING","PENDING","PENDING","false"
"2.2.1","AS","1","8","3","ECON-9708-2.2.1-01;ECON-9708-2.2.1-02;ECON-9708-2.2.1-03","ABSENT","ABSENT","ABSENT","","0","0","0","PARENT_SCOPE_PROVISIONAL_REVIEWED","PENDING","PENDING","PENDING","false"
"2.2.2","AS","1","8","3","ECON-9708-2.2.2-01;ECON-9708-2.2.2-02;ECON-9708-2.2.2-03","ABSENT","ABSENT","ABSENT","","0","0","0","PARENT_SCOPE_PROVISIONAL_REVIEWED","PENDING","PENDING","PENDING","false"
"2.2.3","AS","1","8","3","ECON-9708-2.2.3-01;ECON-9708-2.2.3-02;ECON-9708-2.2.3-03","ABSENT","ABSENT","ABSENT","","0","0","0","PARENT_SCOPE_PROVISIONAL_REVIEWED","PENDING","PENDING","PENDING","false"
"2.2.4","AS","1","8","1","ECON-9708-2.2.4-BASE","ABSENT","ABSENT","ABSENT","","0","0","0","PARENT_SCOPE_PROVISIONAL_REVIEWED","PENDING","PENDING","PENDING","false"
"2.2.5","AS","1","8","1","ECON-9708-2.2.5-BASE","DRAFT_UNAPPROVED","DRAFT_UNAPPROVED","DRAFT_UNAPPROVED","economics-9708-trilingual-tutor-batch3a-v0.json","0","0","0","PARENT_SCOPE_PROVISIONAL_REVIEWED","PENDING","PENDING","PENDING","false"
"2.2.6","AS","1","8","3","ECON-9708-2.2.6-01;ECON-9708-2.2.6-02;ECON-9708-2.2.6-03","DRAFT_UNAPPROVED","DRAFT_UNAPPROVED","DRAFT_UNAPPROVED","economics-9708-trilingual-tutor-batch3a-v0.json","0","0","0","PARENT_SCOPE_PROVISIONAL_REVIEWED","PENDING","PENDING","PENDING","false"
"2.2.7","AS","1","8","1","ECON-9708-2.2.7-BASE","ABSENT","ABSENT","ABSENT","","0","0","0","PARENT_SCOPE_PROVISIONAL_REVIEWED","PENDING","PENDING","PENDING","false"
"2.2.8","AS","1","8","3","ECON-9708-2.2.8-01;ECON-9708-2.2.8-02;ECON-9708-2.2.8-03","ABSENT","ABSENT","ABSENT","","0","0","0","PARENT_SCOPE_PROVISIONAL_REVIEWED","PENDING","PENDING","PENDING","false"
"2.3.1","AS","1","9","1","ECON-9708-2.3.1-BASE","ABSENT","ABSENT","ABSENT","","0","0","0","PARENT_SCOPE_PROVISIONAL_REVIEWED","PENDING","PENDING","PENDING","false"
"2.3.2","AS","1","9","1","ECON-9708-2.3.2-BASE","ABSENT","ABSENT","ABSENT","","0","0","0","PARENT_SCOPE_PROVISIONAL_REVIEWED","PENDING","PENDING","PENDING","false"
"2.3.3","AS","1","9","1","ECON-9708-2.3.3-BASE","ABSENT","ABSENT","ABSENT","","0","0","0","PARENT_SCOPE_PROVISIONAL_REVIEWED","PENDING","PENDING","PENDING","false"
"2.3.4","AS","1","9","1","ECON-9708-2.3.4-BASE","ABSENT","ABSENT","ABSENT","","0","0","0","PARENT_SCOPE_PROVISIONAL_REVIEWED","PENDING","PENDING","PENDING","false"
"2.3.5","AS","1","9","1","ECON-9708-2.3.5-BASE","ABSENT","ABSENT","ABSENT","","0","0","0","PARENT_SCOPE_PROVISIONAL_REVIEWED","PENDING","PENDING","PENDING","false"
"2.4.1","AS","1","10","1","ECON-9708-2.4.1-BASE","ABSENT","ABSENT","ABSENT","","0","0","0","PARENT_SCOPE_PROVISIONAL_REVIEWED","PENDING","PENDING","PENDING","false"
"2.4.2","AS","1","10","1","ECON-9708-2.4.2-BASE","ABSENT","ABSENT","ABSENT","","0","0","0","PARENT_SCOPE_PROVISIONAL_REVIEWED","PENDING","PENDING","PENDING","false"
"2.4.3","AS","1","10","4","ECON-9708-2.4.3-01;ECON-9708-2.4.3-02;ECON-9708-2.4.3-03;ECON-9708-2.4.3-04","ABSENT","ABSENT","ABSENT","","0","0","0","PARENT_SCOPE_PROVISIONAL_REVIEWED","PENDING","PENDING","PENDING","false"
"2.4.4","AS","1","10","3","ECON-9708-2.4.4-01;ECON-9708-2.4.4-02;ECON-9708-2.4.4-03","ABSENT","ABSENT","ABSENT","","0","0","0","PARENT_SCOPE_PROVISIONAL_REVIEWED","PENDING","PENDING","PENDING","false"
"2.5.1","AS","1","11","1","ECON-9708-2.5.1-BASE","ABSENT","ABSENT","ABSENT","","0","0","0","PARENT_SCOPE_PROVISIONAL_REVIEWED","PENDING","PENDING","PENDING","false"
"2.5.2","AS","1","11","1","ECON-9708-2.5.2-BASE","ABSENT","ABSENT","ABSENT","","0","0","0","PARENT_SCOPE_PROVISIONAL_REVIEWED","PENDING","PENDING","PENDING","false"
"2.5.3","AS","1","11","2","ECON-9708-2.5.3-01;ECON-9708-2.5.3-02","ABSENT","ABSENT","ABSENT","","0","0","0","PARENT_SCOPE_PROVISIONAL_REVIEWED","PENDING","PENDING","PENDING","false"
"2.5.4","AS","1","11","1","ECON-9708-2.5.4-BASE","DRAFT_UNAPPROVED","DRAFT_UNAPPROVED","DRAFT_UNAPPROVED","economics-9708-trilingual-tutor-batch3a-v0.json","0","0","0","PARENT_SCOPE_PROVISIONAL_REVIEWED","PENDING","PENDING","PENDING","false"
"3.1.1","AS","2","12","1","ECON-9708-3.1.1-BASE","ABSENT","ABSENT","ABSENT","","0","0","0","PARENT_SCOPE_PROVISIONAL_REVIEWED","PENDING","PENDING","PENDING","false"
"3.1.2","AS","2","12","1","ECON-9708-3.1.2-BASE","ABSENT","ABSENT","ABSENT","","0","0","0","PARENT_SCOPE_PROVISIONAL_REVIEWED","PENDING","PENDING","PENDING","false"
"3.1.3","AS","2","12","1","ECON-9708-3.1.3-BASE","ABSENT","ABSENT","ABSENT","","0","0","0","PARENT_SCOPE_PROVISIONAL_REVIEWED","PENDING","PENDING","PENDING","false"
"3.2.1","AS","2","13","2","ECON-9708-3.2.1-01;ECON-9708-3.2.1-02","ABSENT","ABSENT","ABSENT","","0","0","0","PARENT_SCOPE_PROVISIONAL_REVIEWED","PENDING","PENDING","PENDING","false"
"3.2.2","AS","2","13","2","ECON-9708-3.2.2-01;ECON-9708-3.2.2-02","DRAFT_UNAPPROVED","DRAFT_UNAPPROVED","DRAFT_UNAPPROVED","economics-9708-trilingual-partial-gap-batch5-v0.json","0","0","0","PARENT_SCOPE_PROVISIONAL_REVIEWED","PENDING","PENDING","PENDING","false"
"3.2.3","AS","2","13","1","ECON-9708-3.2.3-BASE","ABSENT","ABSENT","ABSENT","","0","0","0","PARENT_SCOPE_PROVISIONAL_REVIEWED","PENDING","PENDING","PENDING","false"
"3.2.4","AS","2","13","2","ECON-9708-3.2.4-01;ECON-9708-3.2.4-02","ABSENT","ABSENT","ABSENT","","0","0","0","PARENT_SCOPE_PROVISIONAL_REVIEWED","PENDING","PENDING","PENDING","false"
"3.2.5","AS","2","13","1","ECON-9708-3.2.5-BASE","DRAFT_UNAPPROVED","DRAFT_UNAPPROVED","DRAFT_UNAPPROVED","economics-9708-trilingual-theory-tutor-pilot-v0.json","0","0","0","PARENT_SCOPE_PROVISIONAL_REVIEWED","PENDING","PENDING","PENDING","false"
"3.2.6","AS","2","13","1","ECON-9708-3.2.6-BASE","ABSENT","ABSENT","ABSENT","","0","0","0","PARENT_SCOPE_PROVISIONAL_REVIEWED","PENDING","PENDING","PENDING","false"
"3.3.1","AS","2","14","1","ECON-9708-3.3.1-BASE","ABSENT","ABSENT","ABSENT","","0","0","0","PARENT_SCOPE_PROVISIONAL_REVIEWED","PENDING","PENDING","PENDING","false"
"3.3.2","AS","2","14","1","ECON-9708-3.3.2-BASE","ABSENT","ABSENT","ABSENT","","0","0","0","PARENT_SCOPE_PROVISIONAL_REVIEWED","PENDING","PENDING","PENDING","false"
"3.3.3","AS","2","14","1","ECON-9708-3.3.3-BASE","DRAFT_UNAPPROVED","DRAFT_UNAPPROVED","DRAFT_UNAPPROVED","economics-9708-trilingual-partial-gap-batch5-v0.json","0","0","0","PARENT_SCOPE_PROVISIONAL_REVIEWED","PENDING","PENDING","PENDING","false"
"3.3.4","AS","2","14","4","ECON-9708-3.3.4-01;ECON-9708-3.3.4-02;ECON-9708-3.3.4-03;ECON-9708-3.3.4-04","ABSENT","ABSENT","ABSENT","","0","0","0","PARENT_SCOPE_PROVISIONAL_REVIEWED","PENDING","PENDING","PENDING","false"
"4.1.1","AS","2","15","1","ECON-9708-4.1.1-BASE","ABSENT","ABSENT","ABSENT","","0","0","0","PARENT_SCOPE_PROVISIONAL_REVIEWED","PENDING","PENDING","PENDING","false"
"4.1.2","AS","2","15","3","ECON-9708-4.1.2-01;ECON-9708-4.1.2-02;ECON-9708-4.1.2-03","ABSENT","ABSENT","ABSENT","","0","0","0","PARENT_SCOPE_PROVISIONAL_REVIEWED","PENDING","PENDING","PENDING","false"
"4.1.3","AS","2","15","1","ECON-9708-4.1.3-BASE","ABSENT","ABSENT","ABSENT","","0","0","0","PARENT_SCOPE_PROVISIONAL_REVIEWED","PENDING","PENDING","PENDING","false"
"4.1.4","AS","2","15","1","ECON-9708-4.1.4-BASE","ABSENT","ABSENT","ABSENT","","0","0","0","PARENT_SCOPE_PROVISIONAL_REVIEWED","PENDING","PENDING","PENDING","false"
"4.2.1","AS","2","16","2","ECON-9708-4.2.1-01;ECON-9708-4.2.1-02","ABSENT","ABSENT","ABSENT","","0","0","0","PARENT_SCOPE_PROVISIONAL_REVIEWED","PENDING","PENDING","PENDING","false"
"4.2.2","AS","2","16","1","ECON-9708-4.2.2-BASE","ABSENT","ABSENT","ABSENT","","0","0","0","PARENT_SCOPE_PROVISIONAL_REVIEWED","PENDING","PENDING","PENDING","false"
"4.2.3","AS","2","16","1","ECON-9708-4.2.3-BASE","ABSENT","ABSENT","ABSENT","","0","0","0","PARENT_SCOPE_PROVISIONAL_REVIEWED","PENDING","PENDING","PENDING","false"
"4.3.1","AS","2","17","1","ECON-9708-4.3.1-BASE","ABSENT","ABSENT","ABSENT","","0","0","0","PARENT_SCOPE_PROVISIONAL_REVIEWED","PENDING","PENDING","PENDING","false"
"4.3.2","AS","2","17","1","ECON-9708-4.3.2-BASE","ABSENT","ABSENT","ABSENT","","0","0","0","PARENT_SCOPE_PROVISIONAL_REVIEWED","PENDING","PENDING","PENDING","false"
"4.3.3","AS","2","17","1","ECON-9708-4.3.3-BASE","ABSENT","ABSENT","ABSENT","","0","0","0","PARENT_SCOPE_PROVISIONAL_REVIEWED","PENDING","PENDING","PENDING","false"
"4.3.4","AS","2","17","1","ECON-9708-4.3.4-BASE","DRAFT_UNAPPROVED","DRAFT_UNAPPROVED","DRAFT_UNAPPROVED","economics-9708-trilingual-tutor-batch3b-v0.json","0","0","0","PARENT_SCOPE_PROVISIONAL_REVIEWED","PENDING","PENDING","PENDING","false"
"4.3.5","AS","2","17","1","ECON-9708-4.3.5-BASE","ABSENT","ABSENT","ABSENT","","0","0","0","PARENT_SCOPE_PROVISIONAL_REVIEWED","PENDING","PENDING","PENDING","false"
"4.3.6","AS","2","17","1","ECON-9708-4.3.6-BASE","ABSENT","ABSENT","ABSENT","","0","0","0","PARENT_SCOPE_PROVISIONAL_REVIEWED","PENDING","PENDING","PENDING","false"
"4.3.7","AS","2","17","1","ECON-9708-4.3.7-BASE","ABSENT","ABSENT","ABSENT","","0","0","0","PARENT_SCOPE_PROVISIONAL_REVIEWED","PENDING","PENDING","PENDING","false"
"4.3.8","AS","2","17","2","ECON-9708-4.3.8-01;ECON-9708-4.3.8-02","ABSENT","ABSENT","ABSENT","","0","0","0","PARENT_SCOPE_PROVISIONAL_REVIEWED","PENDING","PENDING","PENDING","false"
"4.3.9","AS","2","17","2","ECON-9708-4.3.9-01;ECON-9708-4.3.9-02","ABSENT","ABSENT","ABSENT","","0","0","0","PARENT_SCOPE_PROVISIONAL_REVIEWED","PENDING","PENDING","PENDING","false"
"4.3.10","AS","2","17","2","ECON-9708-4.3.10-01;ECON-9708-4.3.10-02","DRAFT_UNAPPROVED","DRAFT_UNAPPROVED","DRAFT_UNAPPROVED","economics-9708-trilingual-tutor-batch3b-v0.json","0","0","0","PARENT_SCOPE_PROVISIONAL_REVIEWED","PENDING","PENDING","PENDING","false"
"4.3.11","AS","2","17","1","ECON-9708-4.3.11-BASE","DRAFT_UNAPPROVED","DRAFT_UNAPPROVED","DRAFT_UNAPPROVED","economics-9708-trilingual-tutor-batch3b-v0.json","0","0","0","PARENT_SCOPE_PROVISIONAL_REVIEWED","PENDING","PENDING","PENDING","false"
"4.3.12","AS","2","17","2","ECON-9708-4.3.12-01;ECON-9708-4.3.12-02","ABSENT","ABSENT","ABSENT","","0","0","0","PARENT_SCOPE_PROVISIONAL_REVIEWED","PENDING","PENDING","PENDING","false"
"4.4.1","AS","2","18","1","ECON-9708-4.4.1-BASE","ABSENT","ABSENT","ABSENT","","0","0","0","PARENT_SCOPE_PROVISIONAL_REVIEWED","PENDING","PENDING","PENDING","false"
"4.4.2","AS","2","18","1","ECON-9708-4.4.2-BASE","ABSENT","ABSENT","ABSENT","","0","0","0","PARENT_SCOPE_PROVISIONAL_REVIEWED","PENDING","PENDING","PENDING","false"
"4.4.3","AS","2","18","1","ECON-9708-4.4.3-BASE","ABSENT","ABSENT","ABSENT","","0","0","0","PARENT_SCOPE_PROVISIONAL_REVIEWED","PENDING","PENDING","PENDING","false"
"4.4.4","AS","2","18","1","ECON-9708-4.4.4-BASE","ABSENT","ABSENT","ABSENT","","0","0","0","PARENT_SCOPE_PROVISIONAL_REVIEWED","PENDING","PENDING","PENDING","false"
"4.4.5","AS","2","18","1","ECON-9708-4.4.5-BASE","ABSENT","ABSENT","ABSENT","","0","0","0","PARENT_SCOPE_PROVISIONAL_REVIEWED","PENDING","PENDING","PENDING","false"
"4.5.1","AS","2","19","1","ECON-9708-4.5.1-BASE","ABSENT","ABSENT","ABSENT","","0","0","0","PARENT_SCOPE_PROVISIONAL_REVIEWED","PENDING","PENDING","PENDING","false"
"4.5.2","AS","2","19","2","ECON-9708-4.5.2-01;ECON-9708-4.5.2-02","ABSENT","ABSENT","ABSENT","","0","0","0","PARENT_SCOPE_PROVISIONAL_REVIEWED","PENDING","PENDING","PENDING","false"
"4.5.3","AS","2","19","5","ECON-9708-4.5.3-01;ECON-9708-4.5.3-02;ECON-9708-4.5.3-03;ECON-9708-4.5.3-04;ECON-9708-4.5.3-05","ABSENT","ABSENT","ABSENT","","0","0","0","PARENT_SCOPE_PROVISIONAL_REVIEWED","PENDING","PENDING","PENDING","false"
"4.5.4","AS","2","19","1","ECON-9708-4.5.4-BASE","ABSENT","ABSENT","ABSENT","","0","0","0","PARENT_SCOPE_PROVISIONAL_REVIEWED","PENDING","PENDING","PENDING","false"
"4.6.1","AS","2","20","1","ECON-9708-4.6.1-BASE","ABSENT","ABSENT","ABSENT","","0","0","0","PARENT_SCOPE_PROVISIONAL_REVIEWED","PENDING","PENDING","PENDING","false"
"4.6.2","AS","2","20","2","ECON-9708-4.6.2-01;ECON-9708-4.6.2-02","ABSENT","ABSENT","ABSENT","","0","0","0","PARENT_SCOPE_PROVISIONAL_REVIEWED","PENDING","PENDING","PENDING","false"
"4.6.3","AS","2","20","1","ECON-9708-4.6.3-BASE","ABSENT","ABSENT","ABSENT","","0","0","0","PARENT_SCOPE_PROVISIONAL_REVIEWED","PENDING","PENDING","PENDING","false"
"4.6.4","AS","2","20","1","ECON-9708-4.6.4-BASE","ABSENT","ABSENT","ABSENT","","0","0","0","PARENT_SCOPE_PROVISIONAL_REVIEWED","PENDING","PENDING","PENDING","false"
"4.6.5","AS","2","20","1","ECON-9708-4.6.5-BASE","ABSENT","ABSENT","ABSENT","","0","0","0","PARENT_SCOPE_PROVISIONAL_REVIEWED","PENDING","PENDING","PENDING","false"
"5.1.1","AS","3","21","3","ECON-9708-5.1.1-01;ECON-9708-5.1.1-02;ECON-9708-5.1.1-03","ABSENT","ABSENT","ABSENT","","0","0","0","PARENT_SCOPE_PROVISIONAL_REVIEWED","PENDING","PENDING","PENDING","false"
"5.2.1","AS","3","22","1","ECON-9708-5.2.1-BASE","ABSENT","ABSENT","ABSENT","","0","0","0","PARENT_SCOPE_PROVISIONAL_REVIEWED","PENDING","PENDING","PENDING","false"
"5.2.2","AS","3","22","1","ECON-9708-5.2.2-BASE","ABSENT","ABSENT","ABSENT","","0","0","0","PARENT_SCOPE_PROVISIONAL_REVIEWED","PENDING","PENDING","PENDING","false"
"5.2.3","AS","3","22","2","ECON-9708-5.2.3-01;ECON-9708-5.2.3-02","DRAFT_UNAPPROVED","DRAFT_UNAPPROVED","DRAFT_UNAPPROVED","economics-9708-trilingual-partial-gap-batch6-v0.json","0","0","0","PARENT_SCOPE_PROVISIONAL_REVIEWED","PENDING","PENDING","PENDING","false"
"5.2.4","AS","3","22","4","ECON-9708-5.2.4-01;ECON-9708-5.2.4-02;ECON-9708-5.2.4-03;ECON-9708-5.2.4-04","ABSENT","ABSENT","ABSENT","","0","0","0","PARENT_SCOPE_PROVISIONAL_REVIEWED","PENDING","PENDING","PENDING","false"
"5.2.5","AS","3","22","2","ECON-9708-5.2.5-01;ECON-9708-5.2.5-02","ABSENT","ABSENT","ABSENT","","0","0","0","PARENT_SCOPE_PROVISIONAL_REVIEWED","PENDING","PENDING","PENDING","false"
"5.2.6","AS","3","22","1","ECON-9708-5.2.6-BASE","ABSENT","ABSENT","ABSENT","","0","0","0","PARENT_SCOPE_PROVISIONAL_REVIEWED","PENDING","PENDING","PENDING","false"
"5.2.7","AS","3","22","2","ECON-9708-5.2.7-01;ECON-9708-5.2.7-02","ABSENT","ABSENT","ABSENT","","0","0","0","PARENT_SCOPE_PROVISIONAL_REVIEWED","PENDING","PENDING","PENDING","false"
"5.3.1","AS","3","23","1","ECON-9708-5.3.1-BASE","ABSENT","ABSENT","ABSENT","","0","0","0","PARENT_SCOPE_PROVISIONAL_REVIEWED","PENDING","PENDING","PENDING","false"
"5.3.2","AS","3","23","3","ECON-9708-5.3.2-01;ECON-9708-5.3.2-02;ECON-9708-5.3.2-03","ABSENT","ABSENT","ABSENT","","0","0","0","PARENT_SCOPE_PROVISIONAL_REVIEWED","PENDING","PENDING","PENDING","false"
"5.3.3","AS","3","23","1","ECON-9708-5.3.3-BASE","ABSENT","ABSENT","ABSENT","","0","0","0","PARENT_SCOPE_PROVISIONAL_REVIEWED","PENDING","PENDING","PENDING","false"
"5.3.4","AS","3","23","2","ECON-9708-5.3.4-01;ECON-9708-5.3.4-02","ABSENT","ABSENT","ABSENT","","0","0","0","PARENT_SCOPE_PROVISIONAL_REVIEWED","PENDING","PENDING","PENDING","false"
"5.4.1","AS","3","24","1","ECON-9708-5.4.1-BASE","ABSENT","ABSENT","ABSENT","","0","0","0","PARENT_SCOPE_PROVISIONAL_REVIEWED","PENDING","PENDING","PENDING","false"
"5.4.2","AS","3","24","1","ECON-9708-5.4.2-BASE","ABSENT","ABSENT","ABSENT","","0","0","0","PARENT_SCOPE_PROVISIONAL_REVIEWED","PENDING","PENDING","PENDING","false"
"5.4.3","AS","3","24","1","ECON-9708-5.4.3-BASE","ABSENT","ABSENT","ABSENT","","0","0","0","PARENT_SCOPE_PROVISIONAL_REVIEWED","PENDING","PENDING","PENDING","false"
"5.4.4","AS","3","24","1","ECON-9708-5.4.4-BASE","ABSENT","ABSENT","ABSENT","","0","0","0","PARENT_SCOPE_PROVISIONAL_REVIEWED","PENDING","PENDING","PENDING","false"
"6.1.1","AS","3","25","1","ECON-9708-6.1.1-BASE","ABSENT","ABSENT","ABSENT","","0","0","0","PARENT_SCOPE_PROVISIONAL_REVIEWED","PENDING","PENDING","PENDING","false"
"6.1.2","AS","3","25","2","ECON-9708-6.1.2-01;ECON-9708-6.1.2-02","ABSENT","ABSENT","ABSENT","","0","0","0","PARENT_SCOPE_PROVISIONAL_REVIEWED","PENDING","PENDING","PENDING","false"
"6.1.3","AS","3","25","3","ECON-9708-6.1.3-01;ECON-9708-6.1.3-02;ECON-9708-6.1.3-03","ABSENT","ABSENT","ABSENT","","0","0","0","PARENT_SCOPE_PROVISIONAL_REVIEWED","PENDING","PENDING","PENDING","false"
"6.1.4","AS","3","25","1","ECON-9708-6.1.4-BASE","ABSENT","ABSENT","ABSENT","","0","0","0","PARENT_SCOPE_PROVISIONAL_REVIEWED","PENDING","PENDING","PENDING","false"
"6.2.1","AS","3","26","1","ECON-9708-6.2.1-BASE","ABSENT","ABSENT","ABSENT","","0","0","0","PARENT_SCOPE_PROVISIONAL_REVIEWED","PENDING","PENDING","PENDING","false"
"6.2.2","AS","3","26","5","ECON-9708-6.2.2-01;ECON-9708-6.2.2-02;ECON-9708-6.2.2-03;ECON-9708-6.2.2-04;ECON-9708-6.2.2-05","ABSENT","ABSENT","ABSENT","","0","0","0","PARENT_SCOPE_PROVISIONAL_REVIEWED","PENDING","PENDING","PENDING","false"
"6.2.3","AS","3","26","1","ECON-9708-6.2.3-BASE","ABSENT","ABSENT","ABSENT","","0","0","0","PARENT_SCOPE_PROVISIONAL_REVIEWED","PENDING","PENDING","PENDING","false"
"6.3.1","AS","3","27","2","ECON-9708-6.3.1-01;ECON-9708-6.3.1-02","ABSENT","ABSENT","ABSENT","","0","0","0","PARENT_SCOPE_PROVISIONAL_REVIEWED","PENDING","PENDING","PENDING","false"
"6.3.2","AS","3","27","4","ECON-9708-6.3.2-01;ECON-9708-6.3.2-02;ECON-9708-6.3.2-03;ECON-9708-6.3.2-04","DRAFT_UNAPPROVED","DRAFT_UNAPPROVED","DRAFT_UNAPPROVED","economics-9708-trilingual-partial-gap-batch6-v0.json","0","0","0","PARENT_SCOPE_PROVISIONAL_REVIEWED","PENDING","PENDING","PENDING","false"
"6.3.3","AS","3","27","1","ECON-9708-6.3.3-BASE","ABSENT","ABSENT","ABSENT","","0","0","0","PARENT_SCOPE_PROVISIONAL_REVIEWED","PENDING","PENDING","PENDING","false"
"6.3.4","AS","3","27","2","ECON-9708-6.3.4-01;ECON-9708-6.3.4-02","DRAFT_UNAPPROVED","DRAFT_UNAPPROVED","DRAFT_UNAPPROVED","economics-9708-trilingual-tutor-batch3b-v0.json","0","0","0","PARENT_SCOPE_PROVISIONAL_REVIEWED","PENDING","PENDING","PENDING","false"
"6.4.1","AS","3","28","1","ECON-9708-6.4.1-BASE","ABSENT","ABSENT","ABSENT","","0","0","0","PARENT_SCOPE_PROVISIONAL_REVIEWED","PENDING","PENDING","PENDING","false"
"6.4.2","AS","3","28","1","ECON-9708-6.4.2-BASE","ABSENT","ABSENT","ABSENT","","0","0","0","PARENT_SCOPE_PROVISIONAL_REVIEWED","PENDING","PENDING","PENDING","false"
"6.4.3","AS","3","28","1","ECON-9708-6.4.3-BASE","ABSENT","ABSENT","ABSENT","","0","0","0","PARENT_SCOPE_PROVISIONAL_REVIEWED","PENDING","PENDING","PENDING","false"
"6.4.4","AS","3","28","1","ECON-9708-6.4.4-BASE","ABSENT","ABSENT","ABSENT","","0","0","0","PARENT_SCOPE_PROVISIONAL_REVIEWED","PENDING","PENDING","PENDING","false"
"6.4.5","AS","3","28","1","ECON-9708-6.4.5-BASE","ABSENT","ABSENT","ABSENT","","0","0","0","PARENT_SCOPE_PROVISIONAL_REVIEWED","PENDING","PENDING","PENDING","false"
"6.5.1","AS","3","29","1","ECON-9708-6.5.1-BASE","ABSENT","ABSENT","ABSENT","","0","0","0","PARENT_SCOPE_PROVISIONAL_REVIEWED","PENDING","PENDING","PENDING","false"
"6.5.2","AS","3","29","4","ECON-9708-6.5.2-01;ECON-9708-6.5.2-02;ECON-9708-6.5.2-03;ECON-9708-6.5.2-04","ABSENT","ABSENT","ABSENT","","0","0","0","PARENT_SCOPE_PROVISIONAL_REVIEWED","PENDING","PENDING","PENDING","false"
"7.1.1","A_LEVEL_ADDITION","4","30","2","ECON-9708-7.1.1-01;ECON-9708-7.1.1-02","ABSENT","ABSENT","ABSENT","","0","0","0","PARENT_SCOPE_PROVISIONAL_REVIEWED","PENDING","PENDING","PENDING","false"
"7.1.2","A_LEVEL_ADDITION","4","30","1","ECON-9708-7.1.2-BASE","ABSENT","ABSENT","ABSENT","","0","0","0","PARENT_SCOPE_PROVISIONAL_REVIEWED","PENDING","PENDING","PENDING","false"
"7.1.3","A_LEVEL_ADDITION","4","30","1","ECON-9708-7.1.3-BASE","ABSENT","ABSENT","ABSENT","","0","0","0","PARENT_SCOPE_PROVISIONAL_REVIEWED","PENDING","PENDING","PENDING","false"
"7.1.4","A_LEVEL_ADDITION","4","30","1","ECON-9708-7.1.4-BASE","DRAFT_UNAPPROVED","DRAFT_UNAPPROVED","DRAFT_UNAPPROVED","economics-9708-trilingual-partial-gap-batch6-v0.json","0","0","0","PARENT_SCOPE_PROVISIONAL_REVIEWED","PENDING","PENDING","PENDING","false"
"7.1.5","A_LEVEL_ADDITION","4","30","1","ECON-9708-7.1.5-BASE","ABSENT","ABSENT","ABSENT","","0","0","0","PARENT_SCOPE_PROVISIONAL_REVIEWED","PENDING","PENDING","PENDING","false"
"7.2.1","A_LEVEL_ADDITION","4","31","2","ECON-9708-7.2.1-01;ECON-9708-7.2.1-02","ABSENT","ABSENT","ABSENT","","0","0","0","PARENT_SCOPE_PROVISIONAL_REVIEWED","PENDING","PENDING","PENDING","false"
"7.2.2","A_LEVEL_ADDITION","4","31","1","ECON-9708-7.2.2-BASE","ABSENT","ABSENT","ABSENT","","0","0","0","PARENT_SCOPE_PROVISIONAL_REVIEWED","PENDING","PENDING","PENDING","false"
"7.2.3","A_LEVEL_ADDITION","4","31","3","ECON-9708-7.2.3-01;ECON-9708-7.2.3-02;ECON-9708-7.2.3-03","DRAFT_UNAPPROVED","DRAFT_UNAPPROVED","DRAFT_UNAPPROVED","economics-9708-trilingual-tutor-batch3c-v0.json","0","0","0","PARENT_SCOPE_PROVISIONAL_REVIEWED","PENDING","PENDING","PENDING","false"
"7.2.4","A_LEVEL_ADDITION","4","31","1","ECON-9708-7.2.4-BASE","ABSENT","ABSENT","ABSENT","","0","0","0","PARENT_SCOPE_PROVISIONAL_REVIEWED","PENDING","PENDING","PENDING","false"
"7.3.1","A_LEVEL_ADDITION","4","32","1","ECON-9708-7.3.1-BASE","ABSENT","ABSENT","ABSENT","","0","0","0","PARENT_SCOPE_PROVISIONAL_REVIEWED","PENDING","PENDING","PENDING","false"
"7.3.2","A_LEVEL_ADDITION","4","32","2","ECON-9708-7.3.2-01;ECON-9708-7.3.2-02","ABSENT","ABSENT","ABSENT","","0","0","0","PARENT_SCOPE_PROVISIONAL_REVIEWED","PENDING","PENDING","PENDING","false"
"7.3.3","A_LEVEL_ADDITION","4","32","1","ECON-9708-7.3.3-BASE","DRAFT_UNAPPROVED","DRAFT_UNAPPROVED","DRAFT_UNAPPROVED","economics-9708-trilingual-theory-tutor-pilot-v0.json","0","0","0","PARENT_SCOPE_PROVISIONAL_REVIEWED","PENDING","PENDING","PENDING","false"
"7.3.4","A_LEVEL_ADDITION","4","32","1","ECON-9708-7.3.4-BASE","ABSENT","ABSENT","ABSENT","","0","0","0","PARENT_SCOPE_PROVISIONAL_REVIEWED","PENDING","PENDING","PENDING","false"
"7.3.5","A_LEVEL_ADDITION","4","32","1","ECON-9708-7.3.5-BASE","ABSENT","ABSENT","ABSENT","","0","0","0","PARENT_SCOPE_PROVISIONAL_REVIEWED","PENDING","PENDING","PENDING","false"
"7.3.6","A_LEVEL_ADDITION","4","32","1","ECON-9708-7.3.6-BASE","ABSENT","ABSENT","ABSENT","","0","0","0","PARENT_SCOPE_PROVISIONAL_REVIEWED","PENDING","PENDING","PENDING","false"
"7.4.1","A_LEVEL_ADDITION","4","33","2","ECON-9708-7.4.1-01;ECON-9708-7.4.1-02","ABSENT","ABSENT","ABSENT","","0","0","0","PARENT_SCOPE_PROVISIONAL_REVIEWED","PENDING","PENDING","PENDING","false"
"7.4.2","A_LEVEL_ADDITION","4","33","2","ECON-9708-7.4.2-01;ECON-9708-7.4.2-02","ABSENT","ABSENT","ABSENT","","0","0","0","PARENT_SCOPE_PROVISIONAL_REVIEWED","PENDING","PENDING","PENDING","false"
"7.4.3","A_LEVEL_ADDITION","4","33","1","ECON-9708-7.4.3-BASE","ABSENT","ABSENT","ABSENT","","0","0","0","PARENT_SCOPE_PROVISIONAL_REVIEWED","PENDING","PENDING","PENDING","false"
"7.4.4","A_LEVEL_ADDITION","4","33","4","ECON-9708-7.4.4-01;ECON-9708-7.4.4-02;ECON-9708-7.4.4-03;ECON-9708-7.4.4-04","ABSENT","ABSENT","ABSENT","","0","0","0","PARENT_SCOPE_PROVISIONAL_REVIEWED","PENDING","PENDING","PENDING","false"
"7.4.5","A_LEVEL_ADDITION","4","33","2","ECON-9708-7.4.5-01;ECON-9708-7.4.5-02","ABSENT","ABSENT","ABSENT","","0","0","0","PARENT_SCOPE_PROVISIONAL_REVIEWED","PENDING","PENDING","PENDING","false"
"7.4.6","A_LEVEL_ADDITION","4","33","2","ECON-9708-7.4.6-01;ECON-9708-7.4.6-02","DRAFT_UNAPPROVED","DRAFT_UNAPPROVED","DRAFT_UNAPPROVED","economics-9708-trilingual-partial-gap-batch6-v0.json","0","0","0","PARENT_SCOPE_PROVISIONAL_REVIEWED","PENDING","PENDING","PENDING","false"
"7.4.7","A_LEVEL_ADDITION","4","33","1","ECON-9708-7.4.7-BASE","ABSENT","ABSENT","ABSENT","","0","0","0","PARENT_SCOPE_PROVISIONAL_REVIEWED","PENDING","PENDING","PENDING","false"
"7.5.1","A_LEVEL_ADDITION","4","34","5","ECON-9708-7.5.1-01;ECON-9708-7.5.1-02;ECON-9708-7.5.1-03;ECON-9708-7.5.1-04;ECON-9708-7.5.1-05","DRAFT_UNAPPROVED","DRAFT_UNAPPROVED","DRAFT_UNAPPROVED","economics-9708-trilingual-tutor-batch3c-v0.json","0","0","0","PARENT_SCOPE_PROVISIONAL_REVIEWED","PENDING","PENDING","PENDING","false"
"7.5.2","A_LEVEL_ADDITION","4","34","5","ECON-9708-7.5.2-01;ECON-9708-7.5.2-02;ECON-9708-7.5.2-03;ECON-9708-7.5.2-04;ECON-9708-7.5.2-05","ABSENT","ABSENT","ABSENT","","0","0","0","PARENT_SCOPE_PROVISIONAL_REVIEWED","PENDING","PENDING","PENDING","false"
"7.5.3","A_LEVEL_ADDITION","4","34","2","ECON-9708-7.5.3-01;ECON-9708-7.5.3-02","ABSENT","ABSENT","ABSENT","","0","0","0","PARENT_SCOPE_PROVISIONAL_REVIEWED","PENDING","PENDING","PENDING","false"
"7.5.4","A_LEVEL_ADDITION","4","34","2","ECON-9708-7.5.4-01;ECON-9708-7.5.4-02","ABSENT","ABSENT","ABSENT","","0","0","0","PARENT_SCOPE_PROVISIONAL_REVIEWED","PENDING","PENDING","PENDING","false"
"7.5.5","A_LEVEL_ADDITION","4","34","1","ECON-9708-7.5.5-BASE","ABSENT","ABSENT","ABSENT","","0","0","0","PARENT_SCOPE_PROVISIONAL_REVIEWED","PENDING","PENDING","PENDING","false"
"7.5.6","A_LEVEL_ADDITION","4","34","2","ECON-9708-7.5.6-01;ECON-9708-7.5.6-02","ABSENT","ABSENT","ABSENT","","0","0","0","PARENT_SCOPE_PROVISIONAL_REVIEWED","PENDING","PENDING","PENDING","false"
"7.5.7","A_LEVEL_ADDITION","4","34","2","ECON-9708-7.5.7-01;ECON-9708-7.5.7-02","DRAFT_UNAPPROVED","DRAFT_UNAPPROVED","DRAFT_UNAPPROVED","economics-9708-trilingual-theory-tutor-batch2-v0.json","0","0","0","PARENT_SCOPE_PROVISIONAL_REVIEWED","PENDING","PENDING","PENDING","false"
"7.5.8","A_LEVEL_ADDITION","4","34","3","ECON-9708-7.5.8-01;ECON-9708-7.5.8-02;ECON-9708-7.5.8-03","DRAFT_UNAPPROVED","DRAFT_UNAPPROVED","DRAFT_UNAPPROVED","economics-9708-trilingual-tutor-batch3c-v0.json","0","0","0","PARENT_SCOPE_PROVISIONAL_REVIEWED","PENDING","PENDING","PENDING","false"
"7.5.9","A_LEVEL_ADDITION","4","34","3","ECON-9708-7.5.9-01;ECON-9708-7.5.9-02;ECON-9708-7.5.9-03","ABSENT","ABSENT","ABSENT","","0","0","0","PARENT_SCOPE_PROVISIONAL_REVIEWED","PENDING","PENDING","PENDING","false"
"7.5.10","A_LEVEL_ADDITION","4","34","2","ECON-9708-7.5.10-01;ECON-9708-7.5.10-02","ABSENT","ABSENT","ABSENT","","0","0","0","PARENT_SCOPE_PROVISIONAL_REVIEWED","PENDING","PENDING","PENDING","false"
"7.6.1","A_LEVEL_ADDITION","4","35","5","ECON-9708-7.6.1-01;ECON-9708-7.6.1-02;ECON-9708-7.6.1-03;ECON-9708-7.6.1-04;ECON-9708-7.6.1-05","ABSENT","ABSENT","ABSENT","","0","0","0","PARENT_SCOPE_PROVISIONAL_REVIEWED","PENDING","PENDING","PENDING","false"
"7.6.2","A_LEVEL_ADDITION","4","35","4","ECON-9708-7.6.2-01;ECON-9708-7.6.2-02;ECON-9708-7.6.2-03;ECON-9708-7.6.2-04","ABSENT","ABSENT","ABSENT","","0","0","0","PARENT_SCOPE_PROVISIONAL_REVIEWED","PENDING","PENDING","PENDING","false"
"7.6.3","A_LEVEL_ADDITION","4","35","4","ECON-9708-7.6.3-01;ECON-9708-7.6.3-02;ECON-9708-7.6.3-03;ECON-9708-7.6.3-04","ABSENT","ABSENT","ABSENT","","0","0","0","PARENT_SCOPE_PROVISIONAL_REVIEWED","PENDING","PENDING","PENDING","false"
"7.6.4","A_LEVEL_ADDITION","4","35","9","ECON-9708-7.6.4-01;ECON-9708-7.6.4-02;ECON-9708-7.6.4-03;ECON-9708-7.6.4-04;ECON-9708-7.6.4-05;ECON-9708-7.6.4-06;ECON-9708-7.6.4-07;ECON-9708-7.6.4-08;ECON-9708-7.6.4-09","ABSENT","ABSENT","ABSENT","","0","0","0","PARENT_SCOPE_PROVISIONAL_REVIEWED","PENDING","PENDING","PENDING","false"
"7.6.5","A_LEVEL_ADDITION","4","35","2","ECON-9708-7.6.5-01;ECON-9708-7.6.5-02","ABSENT","ABSENT","ABSENT","","0","0","0","PARENT_SCOPE_PROVISIONAL_REVIEWED","PENDING","PENDING","PENDING","false"
"7.7.1","A_LEVEL_ADDITION","4","36","1","ECON-9708-7.7.1-BASE","ABSENT","ABSENT","ABSENT","","0","0","0","PARENT_SCOPE_PROVISIONAL_REVIEWED","PENDING","PENDING","PENDING","false"
"7.7.2","A_LEVEL_ADDITION","4","36","2","ECON-9708-7.7.2-01;ECON-9708-7.7.2-02","ABSENT","ABSENT","ABSENT","","0","0","0","PARENT_SCOPE_PROVISIONAL_REVIEWED","PENDING","PENDING","PENDING","false"
"7.7.3","A_LEVEL_ADDITION","4","36","6","ECON-9708-7.7.3-01;ECON-9708-7.7.3-02;ECON-9708-7.7.3-03;ECON-9708-7.7.3-04;ECON-9708-7.7.3-05;ECON-9708-7.7.3-06","ABSENT","ABSENT","ABSENT","","0","0","0","PARENT_SCOPE_PROVISIONAL_REVIEWED","PENDING","PENDING","PENDING","false"
"7.7.4","A_LEVEL_ADDITION","4","36","2","ECON-9708-7.7.4-01;ECON-9708-7.7.4-02","DRAFT_UNAPPROVED","DRAFT_UNAPPROVED","DRAFT_UNAPPROVED","economics-9708-trilingual-theory-tutor-batch2-v0.json","0","0","0","PARENT_SCOPE_PROVISIONAL_REVIEWED","PENDING","PENDING","PENDING","false"
"7.7.5","A_LEVEL_ADDITION","4","36","1","ECON-9708-7.7.5-BASE","ABSENT","ABSENT","ABSENT","","0","0","0","PARENT_SCOPE_PROVISIONAL_REVIEWED","PENDING","PENDING","PENDING","false"
"7.8.1","A_LEVEL_ADDITION","4","37","1","ECON-9708-7.8.1-BASE","ABSENT","ABSENT","ABSENT","","0","0","0","PARENT_SCOPE_PROVISIONAL_REVIEWED","PENDING","PENDING","PENDING","false"
"7.8.2","A_LEVEL_ADDITION","4","37","4","ECON-9708-7.8.2-01;ECON-9708-7.8.2-02;ECON-9708-7.8.2-03;ECON-9708-7.8.2-04","ABSENT","ABSENT","ABSENT","","0","0","0","PARENT_SCOPE_PROVISIONAL_REVIEWED","PENDING","PENDING","PENDING","false"
"7.8.3","A_LEVEL_ADDITION","4","37","5","ECON-9708-7.8.3-01;ECON-9708-7.8.3-02;ECON-9708-7.8.3-03;ECON-9708-7.8.3-04;ECON-9708-7.8.3-05","ABSENT","ABSENT","ABSENT","","0","0","0","PARENT_SCOPE_PROVISIONAL_REVIEWED","PENDING","PENDING","PENDING","false"
"7.8.4","A_LEVEL_ADDITION","4","37","3","ECON-9708-7.8.4-01;ECON-9708-7.8.4-02;ECON-9708-7.8.4-03","DRAFT_UNAPPROVED","DRAFT_UNAPPROVED","DRAFT_UNAPPROVED","economics-9708-trilingual-tutor-batch3d-v0.json","0","0","0","PARENT_SCOPE_PROVISIONAL_REVIEWED","PENDING","PENDING","PENDING","false"
"7.8.5","A_LEVEL_ADDITION","4","37","2","ECON-9708-7.8.5-01;ECON-9708-7.8.5-02","ABSENT","ABSENT","ABSENT","","0","0","0","PARENT_SCOPE_PROVISIONAL_REVIEWED","PENDING","PENDING","PENDING","false"
"8.1.1","A_LEVEL_ADDITION","5","38","12","ECON-9708-8.1.1-01;ECON-9708-8.1.1-02;ECON-9708-8.1.1-03;ECON-9708-8.1.1-04;ECON-9708-8.1.1-05;ECON-9708-8.1.1-06;ECON-9708-8.1.1-07;ECON-9708-8.1.1-08;ECON-9708-8.1.1-09;ECON-9708-8.1.1-10;ECON-9708-8.1.1-11;ECON-9708-8.1.1-12","ABSENT","ABSENT","ABSENT","","0","0","0","PARENT_SCOPE_PROVISIONAL_REVIEWED","PENDING","PENDING","PENDING","false"
"8.1.2","A_LEVEL_ADDITION","5","38","3","ECON-9708-8.1.2-01;ECON-9708-8.1.2-02;ECON-9708-8.1.2-03","ABSENT","ABSENT","ABSENT","","0","0","0","PARENT_SCOPE_PROVISIONAL_REVIEWED","PENDING","PENDING","PENDING","false"
"8.2.1","A_LEVEL_ADDITION","5","39","1","ECON-9708-8.2.1-BASE","ABSENT","ABSENT","ABSENT","","0","0","0","PARENT_SCOPE_PROVISIONAL_REVIEWED","PENDING","PENDING","PENDING","false"
"8.2.2","A_LEVEL_ADDITION","5","39","1","ECON-9708-8.2.2-BASE","ABSENT","ABSENT","ABSENT","","0","0","0","PARENT_SCOPE_PROVISIONAL_REVIEWED","PENDING","PENDING","PENDING","false"
"8.2.3","A_LEVEL_ADDITION","5","39","1","ECON-9708-8.2.3-BASE","ABSENT","ABSENT","ABSENT","","0","0","0","PARENT_SCOPE_PROVISIONAL_REVIEWED","PENDING","PENDING","PENDING","false"
"8.2.4","A_LEVEL_ADDITION","5","39","1","ECON-9708-8.2.4-BASE","ABSENT","ABSENT","ABSENT","","0","0","0","PARENT_SCOPE_PROVISIONAL_REVIEWED","PENDING","PENDING","PENDING","false"
"8.2.5","A_LEVEL_ADDITION","5","39","1","ECON-9708-8.2.5-01","ABSENT","ABSENT","ABSENT","","0","0","0","PARENT_SCOPE_PROVISIONAL_REVIEWED","PENDING","PENDING","PENDING","false"
"8.3.1","A_LEVEL_ADDITION","5","40","1","ECON-9708-8.3.1-BASE","ABSENT","ABSENT","ABSENT","","0","0","0","PARENT_SCOPE_PROVISIONAL_REVIEWED","PENDING","PENDING","PENDING","false"
"8.3.2","A_LEVEL_ADDITION","5","40","1","ECON-9708-8.3.2-BASE","ABSENT","ABSENT","ABSENT","","0","0","0","PARENT_SCOPE_PROVISIONAL_REVIEWED","PENDING","PENDING","PENDING","false"
"8.3.3","A_LEVEL_ADDITION","5","40","1","ECON-9708-8.3.3-BASE","ABSENT","ABSENT","ABSENT","","0","0","0","PARENT_SCOPE_PROVISIONAL_REVIEWED","PENDING","PENDING","PENDING","false"
"8.3.4","A_LEVEL_ADDITION","5","40","2","ECON-9708-8.3.4-01;ECON-9708-8.3.4-02","ABSENT","ABSENT","ABSENT","","0","0","0","PARENT_SCOPE_PROVISIONAL_REVIEWED","PENDING","PENDING","PENDING","false"
"8.3.5","A_LEVEL_ADDITION","5","40","2","ECON-9708-8.3.5-01;ECON-9708-8.3.5-02","ABSENT","ABSENT","ABSENT","","0","0","0","PARENT_SCOPE_PROVISIONAL_REVIEWED","PENDING","PENDING","PENDING","false"
"8.3.6","A_LEVEL_ADDITION","5","40","1","ECON-9708-8.3.6-BASE","ABSENT","ABSENT","ABSENT","","0","0","0","PARENT_SCOPE_PROVISIONAL_REVIEWED","PENDING","PENDING","PENDING","false"
"8.3.7","A_LEVEL_ADDITION","5","40","1","ECON-9708-8.3.7-BASE","ABSENT","ABSENT","ABSENT","","0","0","0","PARENT_SCOPE_PROVISIONAL_REVIEWED","PENDING","PENDING","PENDING","false"
"8.3.8","A_LEVEL_ADDITION","5","40","3","ECON-9708-8.3.8-01;ECON-9708-8.3.8-02;ECON-9708-8.3.8-03","ABSENT","ABSENT","ABSENT","","0","0","0","PARENT_SCOPE_PROVISIONAL_REVIEWED","PENDING","PENDING","PENDING","false"
"8.3.9","A_LEVEL_ADDITION","5","40","1","ECON-9708-8.3.9-BASE","ABSENT","ABSENT","ABSENT","","0","0","0","PARENT_SCOPE_PROVISIONAL_REVIEWED","PENDING","PENDING","PENDING","false"
"8.3.10","A_LEVEL_ADDITION","5","40","3","ECON-9708-8.3.10-01;ECON-9708-8.3.10-02;ECON-9708-8.3.10-03","DRAFT_UNAPPROVED","DRAFT_UNAPPROVED","DRAFT_UNAPPROVED","economics-9708-trilingual-theory-tutor-pilot-v0.json","0","0","0","PARENT_SCOPE_PROVISIONAL_REVIEWED","PENDING","PENDING","PENDING","false"
"9.1.1","A_LEVEL_ADDITION","6","41","11","ECON-9708-9.1.1-01;ECON-9708-9.1.1-02;ECON-9708-9.1.1-03;ECON-9708-9.1.1-04;ECON-9708-9.1.1-05;ECON-9708-9.1.1-06;ECON-9708-9.1.1-07;ECON-9708-9.1.1-08;ECON-9708-9.1.1-09;ECON-9708-9.1.1-10;ECON-9708-9.1.1-11","ABSENT","ABSENT","ABSENT","","0","0","0","PARENT_SCOPE_PROVISIONAL_REVIEWED","PENDING","PENDING","PENDING","false"
"9.1.2","A_LEVEL_ADDITION","6","41","5","ECON-9708-9.1.2-01;ECON-9708-9.1.2-02;ECON-9708-9.1.2-03;ECON-9708-9.1.2-04;ECON-9708-9.1.2-05","ABSENT","ABSENT","ABSENT","","0","0","0","PARENT_SCOPE_PROVISIONAL_REVIEWED","PENDING","PENDING","PENDING","false"
"9.1.3","A_LEVEL_ADDITION","6","41","1","ECON-9708-9.1.3-BASE","ABSENT","ABSENT","ABSENT","","0","0","0","PARENT_SCOPE_PROVISIONAL_REVIEWED","PENDING","PENDING","PENDING","false"
"9.2.1","A_LEVEL_ADDITION","6","42","1","ECON-9708-9.2.1-BASE","ABSENT","ABSENT","ABSENT","","0","0","0","PARENT_SCOPE_PROVISIONAL_REVIEWED","PENDING","PENDING","PENDING","false"
"9.2.2","A_LEVEL_ADDITION","6","42","1","ECON-9708-9.2.2-BASE","ABSENT","ABSENT","ABSENT","","0","0","0","PARENT_SCOPE_PROVISIONAL_REVIEWED","PENDING","PENDING","PENDING","false"
"9.2.3","A_LEVEL_ADDITION","6","42","3","ECON-9708-9.2.3-01;ECON-9708-9.2.3-02;ECON-9708-9.2.3-03","DRAFT_UNAPPROVED","DRAFT_UNAPPROVED","DRAFT_UNAPPROVED","economics-9708-trilingual-partial-gap-batch6-v0.json","0","0","0","PARENT_SCOPE_PROVISIONAL_REVIEWED","PENDING","PENDING","PENDING","false"
"9.2.4","A_LEVEL_ADDITION","6","42","1","ECON-9708-9.2.4-BASE","ABSENT","ABSENT","ABSENT","","0","0","0","PARENT_SCOPE_PROVISIONAL_REVIEWED","PENDING","PENDING","PENDING","false"
"9.2.5","A_LEVEL_ADDITION","6","42","3","ECON-9708-9.2.5-01;ECON-9708-9.2.5-02;ECON-9708-9.2.5-03","ABSENT","ABSENT","ABSENT","","0","0","0","PARENT_SCOPE_PROVISIONAL_REVIEWED","PENDING","PENDING","PENDING","false"
"9.2.6","A_LEVEL_ADDITION","6","42","4","ECON-9708-9.2.6-01;ECON-9708-9.2.6-02;ECON-9708-9.2.6-03;ECON-9708-9.2.6-04","ABSENT","ABSENT","ABSENT","","0","0","0","PARENT_SCOPE_PROVISIONAL_REVIEWED","PENDING","PENDING","PENDING","false"
"9.3.1","A_LEVEL_ADDITION","6","43","1","ECON-9708-9.3.1-BASE","DRAFT_UNAPPROVED","DRAFT_UNAPPROVED","DRAFT_UNAPPROVED","economics-9708-trilingual-partial-gap-batch7-v0.json","0","0","0","PARENT_SCOPE_PROVISIONAL_REVIEWED","PENDING","PENDING","PENDING","false"
"9.3.2","A_LEVEL_ADDITION","6","43","3","ECON-9708-9.3.2-01;ECON-9708-9.3.2-02;ECON-9708-9.3.2-03","DRAFT_UNAPPROVED","DRAFT_UNAPPROVED","DRAFT_UNAPPROVED","economics-9708-trilingual-partial-gap-batch7-v0.json","0","0","0","PARENT_SCOPE_PROVISIONAL_REVIEWED","PENDING","PENDING","PENDING","false"
"9.3.3","A_LEVEL_ADDITION","6","43","1","ECON-9708-9.3.3-BASE","DRAFT_UNAPPROVED","DRAFT_UNAPPROVED","DRAFT_UNAPPROVED","economics-9708-trilingual-theory-tutor-batch2-v0.json","0","0","0","PARENT_SCOPE_PROVISIONAL_REVIEWED","PENDING","PENDING","PENDING","false"
"9.3.4","A_LEVEL_ADDITION","6","43","3","ECON-9708-9.3.4-01;ECON-9708-9.3.4-02;ECON-9708-9.3.4-03","ABSENT","ABSENT","ABSENT","","0","0","0","PARENT_SCOPE_PROVISIONAL_REVIEWED","PENDING","PENDING","PENDING","false"
"9.3.5","A_LEVEL_ADDITION","6","43","1","ECON-9708-9.3.5-BASE","ABSENT","ABSENT","ABSENT","","0","0","0","PARENT_SCOPE_PROVISIONAL_REVIEWED","PENDING","PENDING","PENDING","false"
"9.3.6","A_LEVEL_ADDITION","6","43","3","ECON-9708-9.3.6-01;ECON-9708-9.3.6-02;ECON-9708-9.3.6-03","ABSENT","ABSENT","ABSENT","","0","0","0","PARENT_SCOPE_PROVISIONAL_REVIEWED","PENDING","PENDING","PENDING","false"
"9.3.7","A_LEVEL_ADDITION","6","43","1","ECON-9708-9.3.7-BASE","ABSENT","ABSENT","ABSENT","","0","0","0","PARENT_SCOPE_PROVISIONAL_REVIEWED","PENDING","PENDING","PENDING","false"
"9.4.1","A_LEVEL_ADDITION","6","44","3","ECON-9708-9.4.1-01;ECON-9708-9.4.1-02;ECON-9708-9.4.1-03","ABSENT","ABSENT","ABSENT","","0","0","0","PARENT_SCOPE_PROVISIONAL_REVIEWED","PENDING","PENDING","PENDING","false"
"9.4.2","A_LEVEL_ADDITION","6","44","1","ECON-9708-9.4.2-BASE","ABSENT","ABSENT","ABSENT","","0","0","0","PARENT_SCOPE_PROVISIONAL_REVIEWED","PENDING","PENDING","PENDING","false"
"9.4.3","A_LEVEL_ADDITION","6","44","1","ECON-9708-9.4.3-BASE","DRAFT_UNAPPROVED","DRAFT_UNAPPROVED","DRAFT_UNAPPROVED","economics-9708-alevel-quantity-theory-tier-correction-v0.json","0","0","0","PARENT_SCOPE_PROVISIONAL_REVIEWED","PENDING","PENDING","PENDING","false"
"9.4.4","A_LEVEL_ADDITION","6","44","5","ECON-9708-9.4.4-01;ECON-9708-9.4.4-02;ECON-9708-9.4.4-03;ECON-9708-9.4.4-04;ECON-9708-9.4.4-05","ABSENT","ABSENT","ABSENT","","0","0","0","PARENT_SCOPE_PROVISIONAL_REVIEWED","PENDING","PENDING","PENDING","false"
"9.4.5","A_LEVEL_ADDITION","6","44","5","ECON-9708-9.4.5-01;ECON-9708-9.4.5-02;ECON-9708-9.4.5-03;ECON-9708-9.4.5-04;ECON-9708-9.4.5-05","ABSENT","ABSENT","ABSENT","","0","0","0","PARENT_SCOPE_PROVISIONAL_REVIEWED","PENDING","PENDING","PENDING","false"
"9.4.6","A_LEVEL_ADDITION","6","44","1","ECON-9708-9.4.6-BASE","ABSENT","ABSENT","ABSENT","","0","0","0","PARENT_SCOPE_PROVISIONAL_REVIEWED","PENDING","PENDING","PENDING","false"
"9.4.7","A_LEVEL_ADDITION","6","44","4","ECON-9708-9.4.7-01;ECON-9708-9.4.7-02;ECON-9708-9.4.7-03;ECON-9708-9.4.7-04","DRAFT_UNAPPROVED","DRAFT_UNAPPROVED","DRAFT_UNAPPROVED","economics-9708-trilingual-partial-gap-batch4-v0.json","0","0","0","PARENT_SCOPE_PROVISIONAL_REVIEWED","PENDING","PENDING","PENDING","false"
"9.4.8","A_LEVEL_ADDITION","6","44","3","ECON-9708-9.4.8-01;ECON-9708-9.4.8-02;ECON-9708-9.4.8-03","DRAFT_UNAPPROVED","DRAFT_UNAPPROVED","DRAFT_UNAPPROVED","economics-9708-trilingual-partial-gap-batch4-v0.json","0","0","0","PARENT_SCOPE_PROVISIONAL_REVIEWED","PENDING","PENDING","PENDING","false"
"10.1.1","A_LEVEL_ADDITION","6","45","7","ECON-9708-10.1.1-01;ECON-9708-10.1.1-02;ECON-9708-10.1.1-03;ECON-9708-10.1.1-04;ECON-9708-10.1.1-05;ECON-9708-10.1.1-06;ECON-9708-10.1.1-07","ABSENT","ABSENT","ABSENT","","0","0","0","PARENT_SCOPE_PROVISIONAL_REVIEWED","PENDING","PENDING","PENDING","false"
"10.2.1","A_LEVEL_ADDITION","6","46","1","ECON-9708-10.2.1-BASE","ABSENT","ABSENT","ABSENT","","0","0","0","PARENT_SCOPE_PROVISIONAL_REVIEWED","PENDING","PENDING","PENDING","false"
"10.2.2","A_LEVEL_ADDITION","6","46","1","ECON-9708-10.2.2-BASE","ABSENT","ABSENT","ABSENT","","0","0","0","PARENT_SCOPE_PROVISIONAL_REVIEWED","PENDING","PENDING","PENDING","false"
"10.2.3","A_LEVEL_ADDITION","6","46","1","ECON-9708-10.2.3-BASE","ABSENT","ABSENT","ABSENT","","0","0","0","PARENT_SCOPE_PROVISIONAL_REVIEWED","PENDING","PENDING","PENDING","false"
"10.2.4","A_LEVEL_ADDITION","6","46","1","ECON-9708-10.2.4-BASE","ABSENT","ABSENT","ABSENT","","0","0","0","PARENT_SCOPE_PROVISIONAL_REVIEWED","PENDING","PENDING","PENDING","false"
"10.2.5","A_LEVEL_ADDITION","6","46","3","ECON-9708-10.2.5-01;ECON-9708-10.2.5-02;ECON-9708-10.2.5-03","DRAFT_UNAPPROVED","DRAFT_UNAPPROVED","DRAFT_UNAPPROVED","economics-9708-trilingual-partial-gap-batch4-v0.json","0","0","0","PARENT_SCOPE_PROVISIONAL_REVIEWED","PENDING","PENDING","PENDING","false"
"10.3.1","A_LEVEL_ADDITION","6","47","5","ECON-9708-10.3.1-01;ECON-9708-10.3.1-02;ECON-9708-10.3.1-03;ECON-9708-10.3.1-04;ECON-9708-10.3.1-05","ABSENT","ABSENT","ABSENT","","0","0","0","PARENT_SCOPE_PROVISIONAL_REVIEWED","PENDING","PENDING","PENDING","false"
"10.3.2","A_LEVEL_ADDITION","6","47","1","ECON-9708-10.3.2-BASE","ABSENT","ABSENT","ABSENT","","0","0","0","PARENT_SCOPE_PROVISIONAL_REVIEWED","PENDING","PENDING","PENDING","false"
"10.3.3","A_LEVEL_ADDITION","6","47","1","ECON-9708-10.3.3-BASE","DRAFT_UNAPPROVED","DRAFT_UNAPPROVED","DRAFT_UNAPPROVED","economics-9708-trilingual-tutor-batch3d-v0.json","0","0","0","PARENT_SCOPE_PROVISIONAL_REVIEWED","PENDING","PENDING","PENDING","false"
"11.1.1","A_LEVEL_ADDITION","7","48","3","ECON-9708-11.1.1-01;ECON-9708-11.1.1-02;ECON-9708-11.1.1-03","ABSENT","ABSENT","ABSENT","","0","0","0","PARENT_SCOPE_PROVISIONAL_REVIEWED","PENDING","PENDING","PENDING","false"
"11.1.2","A_LEVEL_ADDITION","7","48","5","ECON-9708-11.1.2-01;ECON-9708-11.1.2-02;ECON-9708-11.1.2-03;ECON-9708-11.1.2-04;ECON-9708-11.1.2-05","ABSENT","ABSENT","ABSENT","","0","0","0","PARENT_SCOPE_PROVISIONAL_REVIEWED","PENDING","PENDING","PENDING","false"
"11.1.3","A_LEVEL_ADDITION","7","48","1","ECON-9708-11.1.3-BASE","ABSENT","ABSENT","ABSENT","","0","0","0","PARENT_SCOPE_PROVISIONAL_REVIEWED","PENDING","PENDING","PENDING","false"
"11.2.1","A_LEVEL_ADDITION","7","49","2","ECON-9708-11.2.1-02;ECON-9708-11.2.1-03","DRAFT_UNAPPROVED","DRAFT_UNAPPROVED","DRAFT_UNAPPROVED","economics-9708-trilingual-tutor-batch3d-v0.json","0","0","0","PARENT_SCOPE_PROVISIONAL_REVIEWED","PENDING","PENDING","PENDING","false"
"11.2.2","A_LEVEL_ADDITION","7","49","2","ECON-9708-11.2.2-01;ECON-9708-11.2.2-02","ABSENT","ABSENT","ABSENT","","0","0","0","PARENT_SCOPE_PROVISIONAL_REVIEWED","PENDING","PENDING","PENDING","false"
"11.2.3","A_LEVEL_ADDITION","7","49","1","ECON-9708-11.2.3-BASE","ABSENT","ABSENT","ABSENT","","0","0","0","PARENT_SCOPE_PROVISIONAL_REVIEWED","PENDING","PENDING","PENDING","false"
"11.2.4","A_LEVEL_ADDITION","7","49","1","ECON-9708-11.2.4-BASE","ABSENT","ABSENT","ABSENT","","0","0","0","PARENT_SCOPE_PROVISIONAL_REVIEWED","PENDING","PENDING","PENDING","false"
"11.2.5","A_LEVEL_ADDITION","7","49","2","ECON-9708-11.2.5-01;ECON-9708-11.2.5-02","ABSENT","ABSENT","ABSENT","","0","0","0","PARENT_SCOPE_PROVISIONAL_REVIEWED","PENDING","PENDING","PENDING","false"
"11.3.1","A_LEVEL_ADDITION","7","50","1","ECON-9708-11.3.1-BASE","ABSENT","ABSENT","ABSENT","","0","0","0","PARENT_SCOPE_PROVISIONAL_REVIEWED","PENDING","PENDING","PENDING","false"
"11.3.2","A_LEVEL_ADDITION","7","50","1","ECON-9708-11.3.2-BASE","ABSENT","ABSENT","ABSENT","","0","0","0","PARENT_SCOPE_PROVISIONAL_REVIEWED","PENDING","PENDING","PENDING","false"
"11.3.3","A_LEVEL_ADDITION","7","50","7","ECON-9708-11.3.3-01;ECON-9708-11.3.3-02;ECON-9708-11.3.3-03;ECON-9708-11.3.3-04;ECON-9708-11.3.3-05;ECON-9708-11.3.3-06;ECON-9708-11.3.3-07","ABSENT","ABSENT","ABSENT","","0","0","0","PARENT_SCOPE_PROVISIONAL_REVIEWED","PENDING","PENDING","PENDING","false"
"11.3.4","A_LEVEL_ADDITION","7","50","2","ECON-9708-11.3.4-01;ECON-9708-11.3.4-02","ABSENT","ABSENT","ABSENT","","0","0","0","PARENT_SCOPE_PROVISIONAL_REVIEWED","PENDING","PENDING","PENDING","false"
"11.4.1","A_LEVEL_ADDITION","7","51","6","ECON-9708-11.4.1-01;ECON-9708-11.4.1-02;ECON-9708-11.4.1-03;ECON-9708-11.4.1-04;ECON-9708-11.4.1-05;ECON-9708-11.4.1-06","DRAFT_UNAPPROVED","DRAFT_UNAPPROVED","DRAFT_UNAPPROVED","economics-9708-trilingual-partial-gap-batch7-v0.json","0","0","0","PARENT_SCOPE_PROVISIONAL_REVIEWED","PENDING","PENDING","PENDING","false"
"11.4.2","A_LEVEL_ADDITION","7","51","2","ECON-9708-11.4.2-01;ECON-9708-11.4.2-02","DRAFT_UNAPPROVED","DRAFT_UNAPPROVED","DRAFT_UNAPPROVED","economics-9708-trilingual-partial-gap-batch4-v0.json","0","0","0","PARENT_SCOPE_PROVISIONAL_REVIEWED","PENDING","PENDING","PENDING","false"
"11.4.3","A_LEVEL_ADDITION","7","51","2","ECON-9708-11.4.3-01;ECON-9708-11.4.3-02","ABSENT","ABSENT","ABSENT","","0","0","0","PARENT_SCOPE_PROVISIONAL_REVIEWED","PENDING","PENDING","PENDING","false"
"11.5.1","A_LEVEL_ADDITION","7","52","4","ECON-9708-11.5.1-01;ECON-9708-11.5.1-02;ECON-9708-11.5.1-03;ECON-9708-11.5.1-04","ABSENT","ABSENT","ABSENT","","0","0","0","PARENT_SCOPE_PROVISIONAL_REVIEWED","PENDING","PENDING","PENDING","false"
"11.5.2","A_LEVEL_ADDITION","7","52","2","ECON-9708-11.5.2-01;ECON-9708-11.5.2-02","ABSENT","ABSENT","ABSENT","","0","0","0","PARENT_SCOPE_PROVISIONAL_REVIEWED","PENDING","PENDING","PENDING","false"
"11.5.3","A_LEVEL_ADDITION","7","52","3","ECON-9708-11.5.3-01;ECON-9708-11.5.3-02;ECON-9708-11.5.3-03","ABSENT","ABSENT","ABSENT","","0","0","0","PARENT_SCOPE_PROVISIONAL_REVIEWED","PENDING","PENDING","PENDING","false"
"11.5.4","A_LEVEL_ADDITION","7","52","2","ECON-9708-11.5.4-01;ECON-9708-11.5.4-02","ABSENT","ABSENT","ABSENT","","0","0","0","PARENT_SCOPE_PROVISIONAL_REVIEWED","PENDING","PENDING","PENDING","false"
"11.5.5","A_LEVEL_ADDITION","7","52","2","ECON-9708-11.5.5-01;ECON-9708-11.5.5-02","ABSENT","ABSENT","ABSENT","","0","0","0","PARENT_SCOPE_PROVISIONAL_REVIEWED","PENDING","PENDING","PENDING","false"
"11.5.6","A_LEVEL_ADDITION","7","52","1","ECON-9708-11.5.6-BASE","ABSENT","ABSENT","ABSENT","","0","0","0","PARENT_SCOPE_PROVISIONAL_REVIEWED","PENDING","PENDING","PENDING","false"
"11.5.7","A_LEVEL_ADDITION","7","52","1","ECON-9708-11.5.7-BASE","DRAFT_UNAPPROVED","DRAFT_UNAPPROVED","DRAFT_UNAPPROVED","economics-9708-trilingual-theory-tutor-batch2-v0.json","0","0","0","PARENT_SCOPE_PROVISIONAL_REVIEWED","PENDING","PENDING","PENDING","false"
"11.6.1","A_LEVEL_ADDITION","7","53","3","ECON-9708-11.6.1-01;ECON-9708-11.6.1-02;ECON-9708-11.6.1-03","ABSENT","ABSENT","ABSENT","","0","0","0","PARENT_SCOPE_PROVISIONAL_REVIEWED","PENDING","PENDING","PENDING","false"
"11.6.2","A_LEVEL_ADDITION","7","53","5","ECON-9708-11.6.2-01;ECON-9708-11.6.2-02;ECON-9708-11.6.2-03;ECON-9708-11.6.2-04;ECON-9708-11.6.2-05","DRAFT_UNAPPROVED","DRAFT_UNAPPROVED","DRAFT_UNAPPROVED","economics-9708-trilingual-partial-gap-batch7-v0.json","0","0","0","PARENT_SCOPE_PROVISIONAL_REVIEWED","PENDING","PENDING","PENDING","false"
"11.6.3","A_LEVEL_ADDITION","7","53","2","ECON-9708-11.6.3-01;ECON-9708-11.6.3-02","ABSENT","ABSENT","ABSENT","","0","0","0","PARENT_SCOPE_PROVISIONAL_REVIEWED","PENDING","PENDING","PENDING","false"
